,Country Name,region,sub-region,Country Code,Indicator Name,Indicator Code,1960,1961,1962,1963,1964,1965,1966,1967,1968,1969,1970,1971,1972,1973,1974,1975,1976,1977,1978,1979,1980,1981,1982,1983,1984,1985,1986,1987,1988,1989,1990,1991,1992,1993,1994,1995,1996,1997,1998,1999,2000,2001,2002,2003,2004,2005,2006,2007,2008,2009,2010,2011,2012,2013,2014,2015,2016,2017,2018,2019,2020,2021
0,Afghanistan,Asia,Southern Asia,AFG,"Literacy rate, adult total (% of people ages 15 and above)",SE.ADT.LITR.ZS,,,,,,,,,,,,,,,,,,,,18.1576805114746,,,,,,,,,,,,,,,,,,,,,,,,,,,,,,,,31.4488506317139,,,,,,,,,,37.266040802002
1,Albania,Europe,Southern Europe,ALB,"Literacy rate, adult total (% of people ages 15 and above)",SE.ADT.LITR.ZS,,,,,,,,,,,,,,,,,,,,,,,,,,,,,,,,,,,,,,,,,,98.7129821777344,,,,,,,95.9386367797852,,,96.8452987670898,97.2469711303711,,,,,,98.1411514282227,,,98.4499969482422
2,Algeria,Africa,Northern Africa,DZA,"Literacy rate, adult total (% of people ages 15 and above)",SE.ADT.LITR.ZS,,,,,,,,,,,,,,,,,,,,,,,,,,,,49.6308784484863,,,,,,,,,,,,,,,69.8734970092773,,,,72.648681640625,,75.1360473632813,,,,,,,,,,81.4078369140625,,,
3,American Samoa,Oceania,Polynesia,ASM,"Literacy rate, adult total (% of people ages 15 and above)",SE.ADT.LITR.ZS,,,,,,,,,,,,,,,,,,,,,97.3441619873047,,,,,,,,,,,,,,,,,,,,,,,,,,,,,,,,,,,,,,,,,
4,Andorra,Europe,Southern Europe,AND,"Literacy rate, adult total (% of people ages 15 and above)",SE.ADT.LITR.ZS,,,,,,,,,,,,,,,,,,,,,,,,,,,,,,,,,,,,,,,,,,,,,,,,,,,,,,,,,,,,,,
5,Angola,Africa,Sub-Saharan Africa,AGO,"Literacy rate, adult total (% of people ages 15 and above)",SE.ADT.LITR.ZS,,,,,,,,,,,,,,,,,,,,,,,,,,,,,,,,,,,,,,,,,,67.4054183959961,,,,,,,,,,,,,66.0301132202148,,,,,,,72.2799987792969
6,Antigua and Barbuda,Americas,Latin America and the Caribbean,ATG,"Literacy rate, adult total (% of people ages 15 and above)",SE.ADT.LITR.ZS,,,,,,,,,,,,,,,,,,,,,,,,,,,,,,,,,,,,,,,,,,98.9499969482422,,,,,,,,,,98.9499969482422,,,,98.9499969482422,,,,,,
7,Argentina,Americas,Latin America and the Caribbean,ARG,"Literacy rate, adult total (% of people ages 15 and above)",SE.ADT.LITR.ZS,,,,,,,,,,,,,,,,,,,,,93.9128570556641,,,,,,,,,,,96.0407180786133,,,,,,,,,,97.1933135986328,,,,,98.6108016967773,,,98.9834213256836,98.9549713134766,99.1083297729492,99.1052322387695,99.1219482421875,98.9938888549805,99.1799621582031,99.1250076293945,,99.0038681030273,,,
8,Armenia,Asia,Western Asia,ARM,"Literacy rate, adult total (% of people ages 15 and above)",SE.ADT.LITR.ZS,,,,,,,,,,,,,,,,,,,,,,,,,,,,,,98.7519607543945,,,,,,,,,,,,99.4001617431641,,,,,,,,,,99.7444076538086,,,,,99.7444076538086,99.7360687255859,,,99.7886123657227,
9,Aruba,Americas,Latin America and the Caribbean,ABW,"Literacy rate, adult total (% of people ages 15 and above)",SE.ADT.LITR.ZS,,,,,,,,,,,,,,,,,,,,,,,,,,,,,,,,,,,,,,,,,97.2912521362305,,,,,,,,,,96.822639465332,,,,,,,,97.8074188232422,,97.9899978637695,
10,Australia,Oceania,Australia and New Zealand,AUS,"Literacy rate, adult total (% of people ages 15 and above)",SE.ADT.LITR.ZS,,,,,,,,,,,,,,,,,,,,,,,,,,,,,,,,,,,,,,,,,,,,,,,,,,,,,,,,,,,,,,
11,Austria,Europe,Western Europe,AUT,"Literacy rate, adult total (% of people ages 15 and above)",SE.ADT.LITR.ZS,,,,,,,,,,,,,,,,,,,,,,,,,,,,,,,,,,,,,,,,,,,,,,,,,,,,,,,,,,,,,,
12,Azerbaijan,Asia,Western Asia,AZE,"Literacy rate, adult total (% of people ages 15 and above)",SE.ADT.LITR.ZS,,,,,,,,,,,,,,,,,,,,,,,,,,,,,,,,,,,,,,,,98.7918014526367,,,,,,,,99.5931930541992,,99.7598419189453,99.7711410522461,99.7786331176758,99.7757720947266,99.7893600463867,99.7889862060547,99.7880630493164,99.7900619506836,99.7912292480469,,99.7959823608398,,
13,Bahrain,Asia,Western Asia,BHR,"Literacy rate, adult total (% of people ages 15 and above)",SE.ADT.LITR.ZS,,,,,,,,,,,,,,,,,,,,,,69.7535095214844,,,,,,,,,,84.0138320922852,,,,,,,,,,86.5487365722656,,,,,,,,,90.9774017333984,92.3000030517578,,,,,,,,,,
14,Bangladesh,Asia,Southern Asia,BGD,"Literacy rate, adult total (% of people ages 15 and above)",SE.ADT.LITR.ZS,,,,,,,,,,,,,,,,,,,,,,29.2272300720215,,,,,,,,,,35.3193016052246,,,,,,,,,,47.4855003356934,,,,,,46.6636009216309,,,,58.7691802978516,57.8607482910156,61.0155410766602,61.0932998657227,65.1373291015625,72.7587203979492,72.8929672241211,73.9122009277344,74.6844635009766,74.9088973999023,
15,Barbados,Americas,Latin America and the Caribbean,BRB,"Literacy rate, adult total (% of people ages 15 and above)",SE.ADT.LITR.ZS,,,,,,,,,,,99.2680816650391,,,,,,,,,,99.5,,,,99.5999984741211,,,,,,,,,,99.5999984741211,,,,,,,,,,99.5999984741211,,,,,,,,,,99.5999984741211,,,,,,,
16,Belarus,Europe,Eastern Europe,BLR,"Literacy rate, adult total (% of people ages 15 and above)",SE.ADT.LITR.ZS,,,,,,,,,,,,,,,,,,,,,,,,,,,,,,97.8833694458008,,,,,,,,,,99.5907287597656,,,,,,,,,,99.617057800293,,,,,,,,,,99.8740005493164,,
17,Belgium,Europe,Western Europe,BEL,"Literacy rate, adult total (% of people ages 15 and above)",SE.ADT.LITR.ZS,,,,,,,,,,,,,,,,,,,,,,,,,,,,,,,,,,,,,,,,,,,,,,,,,,,,,,,,,,,,,,
18,Belize,Americas,Latin America and the Caribbean,BLZ,"Literacy rate, adult total (% of people ages 15 and above)",SE.ADT.LITR.ZS,,,,,,,,,,,,,,,,,,,,,,,,,,,,,,,,70.2984237670898,,,,,,,,,76.9029769897461,80.9000015258789,,,,,,,,,,,,,,,,,,,,
19,Benin,Africa,Sub-Saharan Africa,BEN,"Literacy rate, adult total (% of people ages 15 and above)",SE.ADT.LITR.ZS,,,,,,,,,,,,,,,,,,,,16.4827308654785,,,,,,,,,,,,,27.2451705932617,,,,,,,,,,34.6578483581543,,,,28.7021102905273,,,,,,32.9488182067871,,,,,,42.3624000549316,,,45.8400001525879
20,Bermuda,Americas,Northern America,BMU,"Literacy rate, adult total (% of people ages 15 and above)",SE.ADT.LITR.ZS,,,,,,,,,,,,,,,,,,,,,,,,,,,,,,,,,,,,,,,,,,,,,,,,,,,,,,,,,,,,,,
21,Bhutan,Asia,Southern Asia,BTN,"Literacy rate, adult total (% of people ages 15 and above)",SE.ADT.LITR.ZS,,,,,,,,,,,,,,,,,,,,,,,,,,,,,,,,,,,,,,,,,,,,,,52.8146896362305,,,,,,,55.3175582885742,,,,,66.561149597168,,,,70.9499969482422
22,Bosnia and Herzegovina,Europe,Southern Europe,BIH,"Literacy rate, adult total (% of people ages 15 and above)",SE.ADT.LITR.ZS,,,,,,,,,,,,,,,,,,,,,,,,,,,,,,,,89.063591003418,,,,,,,,,96.6631011962891,,,,,,,,,,,98.1420364379883,,96.9917678833008,,,,,,,,98.0999984741211
23,Botswana,Africa,Sub-Saharan Africa,BWA,"Literacy rate, adult total (% of people ages 15 and above)",SE.ADT.LITR.ZS,,,,,,,,,,,,,,,,,,,,,,,,,,,,,,,,68.5809097290039,,,,,,,,,,,,81.1887130737305,,,,,,,,,,86.8231811523438,,,,,,,,
24,Brazil,Americas,Latin America and the Caribbean,BRA,"Literacy rate, adult total (% of people ages 15 and above)",SE.ADT.LITR.ZS,,,,,,,,,,,,,,,,,,,,,74.5867309570313,,,,,,,,,,,,,,,,,,,,86.3678817749023,,,,88.6162414550781,,89.6152267456055,90.0093688964844,90.03662109375,90.298210144043,90.3791809082031,91.4112396240234,91.3378524780273,91.4842376708984,91.7294311523438,92.0478973388672,92.8084411621094,93.0758209228516,93.2275009155273,,,94.3000030517578
25,Brunei Darussalam,Asia,South-eastern Asia,BRN,"Literacy rate, adult total (% of people ages 15 and above)",SE.ADT.LITR.ZS,,,,,,,,,,,,,,,,,,,,,,77.7354965209961,,,,,,,,,,87.8041763305664,,,,,,,,,,92.6711273193359,,,,,,,,,,96.085563659668,,,,,,,97.214111328125,,,97.5899963378906
26,Bulgaria,Europe,Eastern Europe,BGR,"Literacy rate, adult total (% of people ages 15 and above)",SE.ADT.LITR.ZS,,,,,,,,,,,,,,,,,,,,,,,,,,,,,,,,,,,,,,,,,,98.2035598754883,,,,,,,,,,98.3524475097656,,,,,,,,,,98.4199981689453
27,Burkina Faso,Africa,Sub-Saharan Africa,BFA,"Literacy rate, adult total (% of people ages 15 and above)",SE.ADT.LITR.ZS,,,,,,,,,,,,,,,,8.83022975921631,,,,,,,,,,,,,,,,13.5692300796509,,,,,12.8481702804565,,,,,,,21.8229198455811,,23.5221996307373,22.4725799560547,28.2936592102051,,,,,,,34.5993995666504,,,,39.3458518981934,,,46.0400009155273
28,Burundi,Africa,Sub-Saharan Africa,BDI,"Literacy rate, adult total (% of people ages 15 and above)",SE.ADT.LITR.ZS,,,,,,,,,,,,,,,,,,,,22.5085506439209,,,,,,,,,,,37.3847198486328,,,,,,,,,,59.3036193847656,,,,,,,,48.0840606689453,,,,,,61.5134887695313,,,68.3753280639648,,,,74.7099990844727
29,Cabo Verde,Africa,Sub-Saharan Africa,CPV,"Literacy rate, adult total (% of people ages 15 and above)",SE.ADT.LITR.ZS,,,,,,,,,,,,,,,,,,,,,,,,,,,,,,,62.7968597412109,,,,,,,,,,76.1104431152344,,,,,,,,,,,,85.3277893066406,,,86.7902908325195,,,,,,90.7799987792969
30,Cambodia,Asia,South-eastern Asia,KHM,"Literacy rate, adult total (% of people ages 15 and above)",SE.ADT.LITR.ZS,,,,,,,,,,,,,,,,,,,,,,,,,,,,,,,,,,,,,,,67.3350296020508,,,,,,73.6099472045898,,,,76.8712921142578,76.1379623413086,,,,,78.0550918579102,80.5264892578125,,,,,,83.9100036621094
31,Cameroon,Africa,Sub-Saharan Africa,CMR,"Literacy rate, adult total (% of people ages 15 and above)",SE.ADT.LITR.ZS,,,,,,,,,,,,,,,,,41.2162094116211,,,,,,,,,,,,,,,,,,,,,,,,68.4091567993164,,,,,,,70.6799392700195,,,71.2905120849609,,,,,,,,77.0710372924805,,78.2300033569336,
32,Canada,Americas,Northern America,CAN,"Literacy rate, adult total (% of people ages 15 and above)",SE.ADT.LITR.ZS,,,,,,,,,,,,,,,,,,,,,,,,,,,,,,,,,,,,,,,,,,,,,,,,,,,,,,,,,,,,,,
33,Cayman Islands,Americas,Latin America and the Caribbean,CYM,"Literacy rate, adult total (% of people ages 15 and above)",SE.ADT.LITR.ZS,,,,,,,,,,,,,,,,,,,,,,,,,,,,,,,,,,,,,,,,,,,,,,,,98.8678207397461,,,,,,,,,,98.8678207397461,,,,98.8678207397461
34,Central African Republic,Africa,Sub-Saharan Africa,CAF,"Literacy rate, adult total (% of people ages 15 and above)",SE.ADT.LITR.ZS,,,,,,,,,,,,,,,,18.2361698150635,,,,,,,,,,,,,33.6244201660156,,,,,,,,,,,,50.6451683044434,,,,,,,,,,36.7526092529297,,,,,,,,37.3958206176758,,37.4900016784668,
35,Chad,Africa,Sub-Saharan Africa,TCD,"Literacy rate, adult total (% of people ages 15 and above)",SE.ADT.LITR.ZS,,,,,,,,,,,,,,,,,,,,,,,,,,,,,,,,,,10.8946504592896,,,,,,,25.6542091369629,,,,28.3814296722412,,,,,,,,,,,26.0029907226563,22.3115501403809,,,,,26.7600002288818
36,Chile,Americas,Latin America and the Caribbean,CHL,"Literacy rate, adult total (% of people ages 15 and above)",SE.ADT.LITR.ZS,,,,,,,,,,,,,,,,,,,,,,,91.1284027099609,,,,,,,,,,94.2911376953125,,,,,,,,,,95.7166213989258,,,,,,97.7224502563477,97.6642303466797,,96.703010559082,,96.2670593261719,,96.8741302490234,,96.4022827148438,,,,97.0400009155273
37,China,Asia,Eastern Asia,CHN,"Literacy rate, adult total (% of people ages 15 and above)",SE.ADT.LITR.ZS,,,,,,,,,,,,,,,,,,,,,,,65.5050888061523,,,,,,,,77.7850570678711,,,,,,,,,,90.9202117919922,,,,,,,,,,95.1244812011719,,,,,,,,96.8408889770508,,97.1500015258789,
38,Colombia,Americas,Latin America and the Caribbean,COL,"Literacy rate, adult total (% of people ages 15 and above)",SE.ADT.LITR.ZS,,,,,,,,,,,,,,,,,,,,,,,,,,,,,,,,,,91.0630874633789,,,91.207160949707,,,,,,,,92.8037796020508,92.8486633300781,92.2996826171875,92.6517868041992,93.3781814575195,93.2446899414063,93.3723297119141,93.5805282592773,,,94.1862487792969,94.2450485229492,94.6538467407227,,95.0925064086914,95.249267578125,95.6363296508789,
39,Comoros,Africa,Sub-Saharan Africa,COM,"Literacy rate, adult total (% of people ages 15 and above)",SE.ADT.LITR.ZS,,,,,,,,,,,,,,,,,,,,,47.9192314147949,,,,,,,,,,,,,,,,,,,,68.4892272949219,,,,,,,,,,,,49.1961402893066,,,,,,58.8170204162598,,,61.9900016784668
40,Costa Rica,Americas,Latin America and the Caribbean,CRI,"Literacy rate, adult total (% of people ages 15 and above)",SE.ADT.LITR.ZS,,,,,,,,,,,,,,,,,,,,,,,,,92.6290435791016,,,,,,,,,,,,,,,,94.8681869506836,,,,,,,,,,,97.4065780639648,,,,,,,97.8637924194336,,,98.0400009155273
41,Croatia,Europe,Southern Europe,HRV,"Literacy rate, adult total (% of people ages 15 and above)",SE.ADT.LITR.ZS,,,,,,,,,,,,,,,,,,,,,,,,,,,,,,,,96.7015533447266,,,,,,,,,,98.1466827392578,,,,,,,,,,99.125358581543,,,,,,,,,,99.4499969482422
42,Cuba,Americas,Latin America and the Caribbean,CUB,"Literacy rate, adult total (% of people ages 15 and above)",SE.ADT.LITR.ZS,,,,,,,,,,,,,,,,,,,,,,97.8466491699219,,,,,,,,,,,,,,,,,,,,,99.799072265625,,,,,,,,,,99.7525329589844,,,,,,,,,99.6731109619141
43,Cyprus,Asia,Western Asia,CYP,"Literacy rate, adult total (% of people ages 15 and above)",SE.ADT.LITR.ZS,,,,,,,,,,,,,,,,,,,,,,,,,,,,,,,,,94.3624725341797,,,,,,,,,96.8036270141602,,,,,,,,,,98.6784286499023,,,,,,,,,,99.3600006103516
44,Czechia,Europe,Eastern Europe,CZE,"Literacy rate, adult total (% of people ages 15 and above)",SE.ADT.LITR.ZS,,,,,,,,,,,,,,,,,,,,,,,,,,,,,,,,,,,,,,,,,,,,,,,,,,,,,,,,,,,,,,
45,Denmark,Europe,Northern Europe,DNK,"Literacy rate, adult total (% of people ages 15 and above)",SE.ADT.LITR.ZS,,,,,,,,,,,,,,,,,,,,,,,,,,,,,,,,,,,,,,,,,,,,,,,,,,,,,,,,,,,,,,
46,Djibouti,Africa,Sub-Saharan Africa,DJI,"Literacy rate, adult total (% of people ages 15 and above)",SE.ADT.LITR.ZS,,,,,,,,,,,,,,,,,,,,,,,,,,,,,,,,,,,,,,,,,,,,,,,,,,,,,,,,,,,,,,
47,Dominica,Americas,Latin America and the Caribbean,DMA,"Literacy rate, adult total (% of people ages 15 and above)",SE.ADT.LITR.ZS,,,,,,,,,,,,,,,,,,,,,,,,,,,,,,,,,,,,,,,,,,,,,,,,,,,,,,,,,,,,,,
48,Dominican Republic,Americas,Latin America and the Caribbean,DOM,"Literacy rate, adult total (% of people ages 15 and above)",SE.ADT.LITR.ZS,,,,,,,,,,,,,,,,,,,,,,73.064567565918,,,,,,,,,,,,,,,,,,,,,86.996467590332,,,,,88.2444610595703,,,89.5387268066406,90.1063766479492,90.1551818847656,90.8581466674805,91.7637634277344,91.9912109375,93.7784576416016,,,,,95.1699981689453
49,Ecuador,Americas,Latin America and the Caribbean,ECU,"Literacy rate, adult total (% of people ages 15 and above)",SE.ADT.LITR.ZS,,,,,,,,,,,,,,,,,,,,,,,83.5526885986328,,,,,,,,88.2987594604492,,,,,,,,,,,90.9840316772461,,,,,,92.0967864990234,92.3900527954102,92.2497634887695,91.8540420532227,91.5868988037109,92.0647277832031,93.2946319580078,94.2226409912109,94.4556579589844,94.350227355957,92.8297882080078,,,93.6260986328125,94.4835891723633
50,El Salvador,Americas,Latin America and the Caribbean,SLV,"Literacy rate, adult total (% of people ages 15 and above)",SE.ADT.LITR.ZS,,,,,,,,,,,,,,,,,,,,,,,,,,,,,,,,,74.1431579589844,,,,,,,,,,,,,,83.5594635009766,82.0286331176758,83.951301574707,84.1028900146484,84.4927215576172,85.4939880371094,,86.767578125,,87.9698486328125,88.1417694091797,88.4827117919922,89.0085983276367,89.1379165649414,89.9845275878906,
51,Equatorial Guinea,Africa,Sub-Saharan Africa,GNQ,"Literacy rate, adult total (% of people ages 15 and above)",SE.ADT.LITR.ZS,,,,,,,,,,,,,,,,,,,,,,,,,,,,,,,,,,,,,,,,,88.3082962036133,,,,,,,,,,94.3705368041992,,,,,,,,,,,
52,Eritrea,Africa,Sub-Saharan Africa,ERI,"Literacy rate, adult total (% of people ages 15 and above)",SE.ADT.LITR.ZS,,,,,,,,,,,,,,,,,,,,,,,,,,,,,,,,,,,,,,,,,,,52.5139503479004,,,,,,64.662971496582,,,,,,,,,,76.5705184936523,,,
53,Estonia,Europe,Northern Europe,EST,"Literacy rate, adult total (% of people ages 15 and above)",SE.ADT.LITR.ZS,,,,,,,,,,,,,,,,,,,,,,,,,,,,,,99.7264404296875,,,,,,,,,,,99.7671966552734,,,,,,,,,,,99.8857879638672,,,,,,,,,,99.870002746582
54,Eswatini,Africa,Sub-Saharan Africa,SWZ,"Literacy rate, adult total (% of people ages 15 and above)",SE.ADT.LITR.ZS,,,,,,,,,,,,,,,,,55.3250389099121,,,,,,,,,,67.2393798828125,,,,,,,,,,,,,,81.6606979370117,,,,,,,,,,83.0982894897461,,,,,,,,88.4193801879883,,89.2799987792969,
55,Ethiopia,Africa,Sub-Saharan Africa,ETH,"Literacy rate, adult total (% of people ages 15 and above)",SE.ADT.LITR.ZS,,,,,,,,,,,,,,,,,,,,,,,,,,,,,,,,,,,27.0113506317139,,,,,,,,,,35.9000015258789,29.8203392028809,,38.995979309082,,,,,,,,,,51.7711791992188,,,,
56,Faroe Islands,Europe,Northern Europe,FRO,"Literacy rate, adult total (% of people ages 15 and above)",SE.ADT.LITR.ZS,,,,,,,,,,,,,,,,,,,,,,,,,,,,,,,,,,,,,,,,,,,,,,,,,,,,,,,,,,,,,,
57,Fiji,Oceania,Melanesia,FJI,"Literacy rate, adult total (% of people ages 15 and above)",SE.ADT.LITR.ZS,,,,,,,,,,,,,,,,,,,,,,,,,,,,,,,,,,,,,,,,,,,,,,,,,,,,,,,,,,,,,,
58,Finland,Europe,Northern Europe,FIN,"Literacy rate, adult total (% of people ages 15 and above)",SE.ADT.LITR.ZS,,,,,,,,,,,,,,,,,,,,,,,,,,,,,,,,,,,,,,,,,,,,,,,,,,,,,,,,,,,,,,
59,France,Europe,Western Europe,FRA,"Literacy rate, adult total (% of people ages 15 and above)",SE.ADT.LITR.ZS,,,,,,,,,,,,,,,,,,,,,,,,,,,,,,,,,,,,,,,,,,,,,,,,,,,,,,,,,,,,,,
60,French Polynesia,Oceania,Polynesia,PYF,"Literacy rate, adult total (% of people ages 15 and above)",SE.ADT.LITR.ZS,,,,,,,,,,,,,,,,,,,,,,,,,,,,,,,,,,,,,,,,,,,,,,,,,,,,,,,,,,,,,,
61,Gabon,Africa,Sub-Saharan Africa,GAB,"Literacy rate, adult total (% of people ages 15 and above)",SE.ADT.LITR.ZS,,,,,,,,,,,,,,,,,,,,,,,,,,,,,,,,,,72.2336730957031,,,,,,,,,,,,,,,,,,,82.2837982177734,,,,,,84.6671600341797,,,85.4599990844727
62,Georgia,Asia,Western Asia,GEO,"Literacy rate, adult total (% of people ages 15 and above)",SE.ADT.LITR.ZS,,,,,,,,,,,,,,,,,,,,,,,,,,,,,,,,,,,,,,,,,,,99.6523513793945,,,,,,,,,,,,99.5861892700195,,,99.3642578125,,99.5584411621094,,
63,Germany,Europe,Western Europe,DEU,"Literacy rate, adult total (% of people ages 15 and above)",SE.ADT.LITR.ZS,,,,,,,,,,,,,,,,,,,,,,,,,,,,,,,,,,,,,,,,,,,,,,,,,,,,,,,,,,,,,,
64,Ghana,Africa,Sub-Saharan Africa,GHA,"Literacy rate, adult total (% of people ages 15 and above)",SE.ADT.LITR.ZS,,,,,,,,,,,,,,,,,,,,,,,,,,,,,,,,,,,,,,,,,57.8974685668945,,,,,,,,,,71.4970703125,,,,,,,,79.0396423339844,,80.379997253418,
65,Gibraltar,Europe,Southern Europe,GIB,"Literacy rate, adult total (% of people ages 15 and above)",SE.ADT.LITR.ZS,,,,,,,,,,,,,,,,,,,,,,,,,,,,,,,,,,,,,,,,,,,,,,,,,,,,,,,,,,,,,,
66,Greece,Europe,Southern Europe,GRC,"Literacy rate, adult total (% of people ages 15 and above)",SE.ADT.LITR.ZS,,,,,,,,,,,,,,,,,,,,,,90.512321472168,,,,,,,,,,92.6104507446289,,,,,,,,,,95.9943618774414,,,,93.0443115234375,,93.9315490722656,,93.9051132202148,,97.3687362670898,,,,,,,97.9359512329102,,,
67,Greenland,Americas,Northern America,GRL,"Literacy rate, adult total (% of people ages 15 and above)",SE.ADT.LITR.ZS,,,,,,,,,,,,,,,,,,,,,,,,,,,,,,,,,,,,,,,,,,,,,,,,,,,,,,,,,,,,,,
68,Grenada,Americas,Latin America and the Caribbean,GRD,"Literacy rate, adult total (% of people ages 15 and above)",SE.ADT.LITR.ZS,,,,,,,,,,,97.7944717407227,,,,,,,,,,98.4000015258789,,,,98.5999984741211,,,,,,,,,,98.5999984741211,,,,,,,,,,98.5999984741211,,,,,,,,,,98.5999984741211,,,,,,,
69,Guam,Oceania,Micronesia,GUM,"Literacy rate, adult total (% of people ages 15 and above)",SE.ADT.LITR.ZS,,,,,,,,,,,,,,,,,,,,,96.4206466674805,,,,,,,,,,99.3691482543945,,,,,,,,,,99.5599975585938,,,,,,,,,,,,,,,,,,,,,
70,Guatemala,Americas,Latin America and the Caribbean,GTM,"Literacy rate, adult total (% of people ages 15 and above)",SE.ADT.LITR.ZS,,,,,,,,,,,,,,,,,,,,,,,,,,,,,,,,,,,64.2116394042969,,,,,,,,69.1017303466797,,,,,,,,,,78.2648620605469,77.0386734008789,81.2858963012695,,,,80.810676574707,,,83.3499984741211
71,Guinea,Africa,Sub-Saharan Africa,GIN,"Literacy rate, adult total (% of people ages 15 and above)",SE.ADT.LITR.ZS,,,,,,,,,,,,,,,,,,,,,,,,,,,,,,,,,,,,,20.5537490844727,,,,,,,29.7040195465088,,,,,,,25.3077392578125,,,,32.0038414001465,,,,39.6176795959473,,,45.3300018310547
72,Guinea-Bissau,Africa,Sub-Saharan Africa,GNB,"Literacy rate, adult total (% of people ages 15 and above)",SE.ADT.LITR.ZS,,,,,,,,,,,,,,,,,,,,19.9582500457764,,,,,,,,,,,,,,,,,,,,,41.3577690124512,,,,,,,,,,,,,,45.5811614990234,,,,,,,52.8899993896484
73,Guyana,Americas,Latin America and the Caribbean,GUY,"Literacy rate, adult total (% of people ages 15 and above)",SE.ADT.LITR.ZS,,,,,,,,,,,,,,,,,,,,,,,,,,,,,,,,,,,,,,,,,,,,,,,,,,84.994010925293,,,,,85.6397323608398,,,,,,,88.8499984741211
74,Haiti,Americas,Latin America and the Caribbean,HTI,"Literacy rate, adult total (% of people ages 15 and above)",SE.ADT.LITR.ZS,,,,,,,,,,,,,,,,,,,,,,,34.734691619873,,,,,,,,,,,,,,,,,,,,,58.7439002990723,,,48.6850204467773,,,,,,,,,,61.691349029541,,,,,
75,Honduras,Americas,Latin America and the Caribbean,HND,"Literacy rate, adult total (% of people ages 15 and above)",SE.ADT.LITR.ZS,,,,,,,,,,,,,,,,,,,,,,,,,,,,,,,,,,,,,,,,,,80.0110321044922,,,,,,83.5889892578125,,,84.7553634643555,85.1232986450195,85.3555526733398,85.4644165039063,87.1975326538086,87.9068298339844,88.9874801635742,,87.2052383422852,88.5074310302734,,
76,Hungary,Europe,Eastern Europe,HUN,"Literacy rate, adult total (% of people ages 15 and above)",SE.ADT.LITR.ZS,,,,,,,,,,,,,,,,,,,,,98.8582916259766,,,,,,,,,,99.0999984741211,,,,,,,,,,,,,,,,,,,,,,,,99.0999984741211,,,,,,,99.0999984741211
77,Iceland,Europe,Northern Europe,ISL,"Literacy rate, adult total (% of people ages 15 and above)",SE.ADT.LITR.ZS,,,,,,,,,,,,,,,,,,,,,,,,,,,,,,,,,,,,,,,,,,,,,,,,,,,,,,,,,,,,,,
78,India,Asia,Southern Asia,IND,"Literacy rate, adult total (% of people ages 15 and above)",SE.ADT.LITR.ZS,,,,,,,,,,,,,,,,,,,,,,40.7635917663574,,,,,,,,,,48.2220687866211,,,,,,,,,,61.0145606994629,,,,,62.7544708251953,,,,,69.3025588989258,,,,,,,74.3729934692383,,,
79,Indonesia,Asia,South-eastern Asia,IDN,"Literacy rate, adult total (% of people ages 15 and above)",SE.ADT.LITR.ZS,,,,,,,,,,,,,,,,,,,,,67.3126678466797,,,,,,,,,,81.5198516845703,,,,,,,,,,,,,,90.3847885131836,,91.9822692871094,,92.1922988891602,92.5817031860352,,92.8119125366211,,,95.1162185668945,95.2179336547852,95.3769683837891,,95.658561706543,,95.9990081787109,
80,Iraq,Asia,Western Asia,IRQ,"Literacy rate, adult total (% of people ages 15 and above)",SE.ADT.LITR.ZS,,,,,,,,,,,,,,,,,,,,,,,,,,,,,,,,,,,,,,,,,74.0522003173828,,,,,,,,,,,,77.1999969482422,72.6999969482422,82.1999969482422,,83.3000030517578,85.5999984741211,,,,
81,Ireland,Europe,Northern Europe,IRL,"Literacy rate, adult total (% of people ages 15 and above)",SE.ADT.LITR.ZS,,,,,,,,,,,,,,,,,,,,,,,,,,,,,,,,,,,,,,,,,,,,,,,,,,,,,,,,,,,,,,
82,Isle of Man,Europe,Northern Europe,IMN,"Literacy rate, adult total (% of people ages 15 and above)",SE.ADT.LITR.ZS,,,,,,,,,,,,,,,,,,,,,,,,,,,,,,,,,,,,,,,,,,,,,,,,,,,,,,,,,,,,,,
83,Israel,Asia,Western Asia,ISR,"Literacy rate, adult total (% of people ages 15 and above)",SE.ADT.LITR.ZS,,,,,,,,,,,,,,,,,,,,,,,,91.7514114379883,,,,,,,,,,,,,,,,,,,,,,,,,,,,,,,,,,,,,,
84,Italy,Europe,Southern Europe,ITA,"Literacy rate, adult total (% of people ages 15 and above)",SE.ADT.LITR.ZS,,,,,,,,,,,,,,,,,,,,,,96.4605407714844,,,,,,,,,,,,,,,,,,,,98.416618347168,,,,,,,,,,98.8482818603516,,,,,,,99.15576171875,99.3490982055664,,
85,Jamaica,Americas,Latin America and the Caribbean,JAM,"Literacy rate, adult total (% of people ages 15 and above)",SE.ADT.LITR.ZS,,,,,,,,,,,,,,,,,,,,,,,,,,,,,,,,,,,,,,,,79.9201202392578,,,,,,,,,,,,,,,88.0999984741211,,,,,,,
86,Japan,Asia,Eastern Asia,JPN,"Literacy rate, adult total (% of people ages 15 and above)",SE.ADT.LITR.ZS,,,,,,,,,,,,,,,,,,,,,,,,,,,,,,,,,,,,,,,,,,,,,,,,,,,,,,,,,,,,,,
87,Jordan,Asia,Western Asia,JOR,"Literacy rate, adult total (% of people ages 15 and above)",SE.ADT.LITR.ZS,,,,,,,,,,,,,,,,,,,,66.7968063354492,,,,,,,,,,,,,,,,,,,,,,,,89.8923187255859,,91.1307525634766,,92.199577331543,,,92.5510406494141,95.9044494628906,97.8903198242188,,,,,,98.2271118164063,,,98.4199981689453
88,Kazakhstan,Asia,Central Asia,KAZ,"Literacy rate, adult total (% of people ages 15 and above)",SE.ADT.LITR.ZS,,,,,,,,,,,,,,,,,,,,,,,,,,,,,,97.5293807983398,,,,,,,,,,99.5126571655273,,,,,,,,,,99.7324066162109,99.7816314697266,,,,,,,,99.7816314697266,,99.8000030517578,
89,Kenya,Africa,Sub-Saharan Africa,KEN,"Literacy rate, adult total (% of people ages 15 and above)",SE.ADT.LITR.ZS,,,,,,,,,,,,,,,,,,,,,,,,,,,,,,,,,,,,,,,,,82.2290802001953,,,,,,,72.1570281982422,,,,,,,78.733039855957,,,,81.5349731445313,,,82.620002746582
90,Kiribati,Oceania,Micronesia,KIR,"Literacy rate, adult total (% of people ages 15 and above)",SE.ADT.LITR.ZS,,,,,,,,,,,,,,,,,,,,,,,,,,,,,,,,,,,,,,,,,,,,,,,,,,,,,,,,,,,,,,
91,Kuwait,Asia,Western Asia,KWT,"Literacy rate, adult total (% of people ages 15 and above)",SE.ADT.LITR.ZS,,,,,,,,,,,,,,,,59.5643882751465,,,,,67.5176620483398,,,,,74.4908676147461,,,,,,,,,,78.3955001831055,,,,,,,,,,93.2744598388672,93.2821197509766,93.664192199707,93.8983001708984,,94.4690093994141,,95.5131683349609,95.585823059082,,95.6854476928711,,96.0359497070313,96.0564727783203,,96.4575424194336,
92,Latvia,Europe,Northern Europe,LVA,"Literacy rate, adult total (% of people ages 15 and above)",SE.ADT.LITR.ZS,,,,,,,,,,,,,,,,,,,,,,,,,,,,,,99.4523010253906,,,,,,,,,,,99.7465667724609,,,,,,,,,,,99.8958969116211,,,,,,,99.8893127441406,,,99.8899993896484
93,Lebanon,Asia,Western Asia,LBN,"Literacy rate, adult total (% of people ages 15 and above)",SE.ADT.LITR.ZS,,,,,,,,,,,,,,,,,,,,,,,,,,,,,,,,,,,,,,,,,,,,,,,,89.6124420166016,,91.1841888427734,,,,,,,,,95.0694427490234,95.3000030517578,,
94,Lesotho,Africa,Sub-Saharan Africa,LSO,"Literacy rate, adult total (% of people ages 15 and above)",SE.ADT.LITR.ZS,,,,,,,,,,,,,,,,,,,,,,,,,,,,,,,,,,,,,,,,,86.2544326782227,,,,,,,,,75.8002014160156,,,,,76.6352005004883,,,,,,,81.0199966430664
95,Liberia,Africa,Sub-Saharan Africa,LBR,"Literacy rate, adult total (% of people ages 15 and above)",SE.ADT.LITR.ZS,,,,,,,,,,,,,,,,,,,,,,,,,32.1067695617676,,,,,,,,,,,,,,,,,,,,,,,42.9410781860352,,,,,,,,,,48.3013610839844,,,,
96,Libya,Africa,Northern Africa,LBY,"Literacy rate, adult total (% of people ages 15 and above)",SE.ADT.LITR.ZS,,,,,,,,,,,,,,,,,,,,,,,,,60.1643905639648,,,,,,,,,,76.5,,,,,,,,,,86.0999984741211,,,,,,,,,,,,,,,,,
97,Liechtenstein,Europe,Western Europe,LIE,"Literacy rate, adult total (% of people ages 15 and above)",SE.ADT.LITR.ZS,,,,,,,,,,,,,,,,,,,,,,,,,,,,,,,,,,,,,,,,,,,,,,,,,,,,,,,,,,,,,,
98,Lithuania,Europe,Northern Europe,LTU,"Literacy rate, adult total (% of people ages 15 and above)",SE.ADT.LITR.ZS,,,,,,,,,,,,,,,,,,,,,,,,,,,,,,98.4412689208984,,,,,,,,,,,,99.645751953125,,,,,,,,,,99.8155975341797,,,,,,,,,,99.8300018310547
99,Luxembourg,Europe,Western Europe,LUX,"Literacy rate, adult total (% of people ages 15 and above)",SE.ADT.LITR.ZS,,,,,,,,,,,,,,,,,,,,,,,,,,,,,,,,,,,,,,,,,,,,,,,,,,,,,,,,,,,,,,
100,Madagascar,Africa,Sub-Saharan Africa,MDG,"Literacy rate, adult total (% of people ages 15 and above)",SE.ADT.LITR.ZS,,,,,,,,,,,,,,,,,,,,,,,,,,,,,,,,,,,,,,,,,70.6861724853516,,,,,58.9359397888184,,,,64.4809112548828,,,71.5726165771484,,,,,,76.6796798706055,,,77.25
101,Malawi,Africa,Sub-Saharan Africa,MWI,"Literacy rate, adult total (% of people ages 15 and above)",SE.ADT.LITR.ZS,,,,,,,,,,,,,,,,,,,,,,,,,,,,48.5366516113281,,,,,,,,,,,64.1342468261719,,,,,,,,,,,,61.3097190856934,,,,65.1453704833984,62.1435394287109,,,,,,67.3099975585938
102,Malaysia,Asia,South-eastern Asia,MYS,"Literacy rate, adult total (% of people ages 15 and above)",SE.ADT.LITR.ZS,,,,,,,,,,,,,,,,,,,,,69.5163269042969,,,,,,,,,,,82.9153671264648,,,,,,,,,88.6877593994141,,,,,,,,,,93.1178894042969,,,,,,94.8805770874023,95.082649230957,94.8544082641602,94.9711303710938,,
103,Maldives,Asia,Southern Asia,MDV,"Literacy rate, adult total (% of people ages 15 and above)",SE.ADT.LITR.ZS,,,,,,,,,,,,,,,,,,82.2999572753906,,,,,,,,92.2300491333008,,,,,96.0182571411133,,,,,96.3264999389648,,,,,96.3264999389648,,,,,,98.3979034423828,,,,,,,,98.6101226806641,,97.7349472045898,,,,,97.8600006103516
104,Mali,Africa,Sub-Saharan Africa,MLI,"Literacy rate, adult total (% of people ages 15 and above)",SE.ADT.LITR.ZS,,,,,,,,,,,,,,,,,9.43381023406982,,,,,,,,,,,,,,,,,,,,,,19.0449695587158,,,,,24.0,,,26.176549911499,,,,31.0997505187988,30.6186695098877,,,,33.0688896179199,,,35.4737701416016,,30.7614097595215,
105,Malta,Europe,Southern Europe,MLT,"Literacy rate, adult total (% of people ages 15 and above)",SE.ADT.LITR.ZS,,,,,,,,,,,,,,,,,,,,,,,,,,86.9298400878906,,,,,,,,,,87.8686981201172,,,,,,,,,,92.3630905151367,,,,,,93.3073577880859,,,,,,,94.5031890869141,,,94.9400024414063
106,Marshall Islands,Oceania,Micronesia,MHL,"Literacy rate, adult total (% of people ages 15 and above)",SE.ADT.LITR.ZS,,,,,,,,,,,,,,,,,,,,,,,,,,,,,,,,,,,,,,,,,,,,,,,,,,,,98.2650833129883,,,,,,,,,,
107,Mauritania,Africa,Sub-Saharan Africa,MRT,"Literacy rate, adult total (% of people ages 15 and above)",SE.ADT.LITR.ZS,,,,,,,,,,,,,,,,,,,,,,,,,,,,,,,,,,,,,,,,,51.2076797485352,,,,,,,45.5037803649902,,,,,,62.0687484741211,,,,53.4975891113281,,,,66.9599990844727
108,Mauritius,Africa,Sub-Saharan Africa,MUS,"Literacy rate, adult total (% of people ages 15 and above)",SE.ADT.LITR.ZS,,,,,,,,,,,,,,,,,,,,,,,,,,,,,,,79.8686599731445,,,,,,,,,,84.303092956543,,,,,,,,,,,89.2498397827148,91.7660064697266,91.4900283813477,92.4747619628906,92.7076034545898,93.1578369140625,,,,,92.1500015258789
109,Mexico,Americas,Latin America and the Caribbean,MEX,"Literacy rate, adult total (% of people ages 15 and above)",SE.ADT.LITR.ZS,,,,,,,,,,,,,,,,,,,,,82.9892425537109,,,,,,,,,,87.55615234375,,,,,,,,,,90.5356216430664,,90.2746505737305,,90.953742980957,91.6302719116211,91.7345199584961,92.7951736450195,92.9255981445313,93.4418792724609,93.0689392089844,93.5199813842773,94.228401184082,93.9628524780273,94.5558776855469,94.472282409668,94.859619140625,94.9727783203125,95.3799133300781,,95.2478485107422,
110,Monaco,Europe,Western Europe,MCO,"Literacy rate, adult total (% of people ages 15 and above)",SE.ADT.LITR.ZS,,,,,,,,,,,,,,,,,,,,,,,,,,,,,,,,,,,,,,,,,,,,,,,,,,,,,,,,,,,,,,
111,Mongolia,Asia,Eastern Asia,MNG,"Literacy rate, adult total (% of people ages 15 and above)",SE.ADT.LITR.ZS,,,,,,,,,,,,,,,,,,,,,,,,,,,,,,,,,,,,,,,,,97.7688522338867,,,,,,,,,,98.2570037841797,,,,,,,,,,99.1832733154297,
112,Montenegro,Europe,Southern Europe,MNE,"Literacy rate, adult total (% of people ages 15 and above)",SE.ADT.LITR.ZS,,,,,,,,,,,,,,,,,,,,,,89.6352996826172,,,,,,,,,,93.4627380371094,,,,,,,,,,,,97.7734603881836,,,,,,,,98.4422073364258,,,,,,,98.8471832275391,,,98.9800033569336
113,Morocco,Africa,Northern Africa,MAR,"Literacy rate, adult total (% of people ages 15 and above)",SE.ADT.LITR.ZS,,,,,,,,,,,,,,,,,,,,,,,30.2577991485596,,,,,,,,,,,,41.594108581543,,,,,,,,,,52.3062591552734,,,,55.1479187011719,56.0836715698242,,67.0841598510742,69.4253921508789,,75.5861968994141,,,,73.7500076293945,,,75.9300003051758
114,Mozambique,Africa,Sub-Saharan Africa,MOZ,"Literacy rate, adult total (% of people ages 15 and above)",SE.ADT.LITR.ZS,,,,,,,,,,,,,,,,,,,,,26.997709274292,,,,,,,,,,,,,,,,,38.707878112793,,,,,,48.1588401794434,,,,,,50.5838088989258,,,,,,56.0390014648438,,60.6554298400879,,,,63.4199981689453
115,Myanmar,Asia,South-eastern Asia,MMR,"Literacy rate, adult total (% of people ages 15 and above)",SE.ADT.LITR.ZS,,,,,,,,,,,,,,,,,,,,,,,,78.5704116821289,,,,,,,,,,,,,,,,,89.9417572021484,,,,,,,,,,,,,,,,75.5512008666992,,,89.0699462890625,,
116,Namibia,Africa,Sub-Saharan Africa,NAM,"Literacy rate, adult total (% of people ages 15 and above)",SE.ADT.LITR.ZS,,,,,,,,,,,,,,,,,,,,,,,,,,,,,,,,75.8165817260742,,,,,,,,,,84.9442596435547,,,,,,76.4865875244141,,,,88.2746276855469,,,,,,,91.5272674560547,,,92.25
117,Nauru,Oceania,Micronesia,NRU,"Literacy rate, adult total (% of people ages 15 and above)",SE.ADT.LITR.ZS,,,,,,,,,,,,,,,,,,,,,,,,,,,,,,,,,,,,,,,,,,,,,,,,,,,,,,,,,,,,,,
118,Nepal,Asia,Southern Asia,NPL,"Literacy rate, adult total (% of people ages 15 and above)",SE.ADT.LITR.ZS,,,,,,,,,,,,,,,,,,,,,,20.5736694335938,,,,,,,,,,32.9755897521973,,,,,,,,,,48.6089706420898,,,,,,,,,,59.6272506713867,,,,,,,67.9084320068359,,,71.1500015258789
119,Netherlands,Europe,Western Europe,NLD,"Literacy rate, adult total (% of people ages 15 and above)",SE.ADT.LITR.ZS,,,,,,,,,,,,,,,,,,,,,,,,,,,,,,,,,,,,,,,,,,,,,,,,,,,,,,,,,,,,,,
120,New Caledonia,Oceania,Melanesia,NCL,"Literacy rate, adult total (% of people ages 15 and above)",SE.ADT.LITR.ZS,,,,,,,,,,,,,,,,,91.3003692626953,,,,,,,,,,,,,93.0806274414063,,,,,,,96.1379165649414,,,,,,,,,,97.3000030517578,,,,,,,,97.8000030517578,,,,,,,
121,New Zealand,Oceania,Australia and New Zealand,NZL,"Literacy rate, adult total (% of people ages 15 and above)",SE.ADT.LITR.ZS,,,,,,,,,,,,,,,,,,,,,,,,,,,,,,,,,,,,,,,,,,,,,,,,,,,,,,,,,,,,,,
122,Nicaragua,Americas,Latin America and the Caribbean,NIC,"Literacy rate, adult total (% of people ages 15 and above)",SE.ADT.LITR.ZS,,,,,,,,,,,,,,,,,,,,,,,,,,,,,,,,,,,,,,,,,,76.677131652832,,,,78.0029830932617,,,,,,,,,,82.6145477294922,,,,,,
123,Niger,Africa,Sub-Saharan Africa,NER,"Literacy rate, adult total (% of people ages 15 and above)",SE.ADT.LITR.ZS,,,,,,,,,,,,,,,,,,,,,,,,,,,,,,,,,,,,,,,,,,14.3760404586792,,,,28.672420501709,,,,,,,30.5603904724121,,,,,,35.0499992370605,,,37.3400001525879
124,Nigeria,Africa,Sub-Saharan Africa,NGA,"Literacy rate, adult total (% of people ages 15 and above)",SE.ADT.LITR.ZS,,,,,,,,,,,,,,,,,,,,,,,,,,,,,,,,55.4467506408691,,,,,,,,,,,,54.7731781005859,,,70.1983489990234,,51.0776596069336,,,,,,,,,,62.0160102844238,,,
125,North Macedonia,Europe,Southern Europe,MKD,"Literacy rate, adult total (% of people ages 15 and above)",SE.ADT.LITR.ZS,,,,,,,,,,,,,,,,,,,,,,,,,,,,,,,,,,,94.0587463378906,,,,,,,,96.1289291381836,,,,,,,,,,97.5999984741211,,97.8000030517578,,,,,,,
126,Northern Mariana Islands,Oceania,Micronesia,MNP,"Literacy rate, adult total (% of people ages 15 and above)",SE.ADT.LITR.ZS,,,,,,,,,,,,,,,,,,,,,,,,,,,,,,,,,,,,,,,,,,,,,,,,,,,,,,,,,,,,,,
127,Norway,Europe,Northern Europe,NOR,"Literacy rate, adult total (% of people ages 15 and above)",SE.ADT.LITR.ZS,,,,,,,,,,,,,,,,,,,,,,,,,,,,,,,,,,,,,,,,,,,,,,,,,,,,,,,,,,,,,,
128,Oman,Asia,Western Asia,OMN,"Literacy rate, adult total (% of people ages 15 and above)",SE.ADT.LITR.ZS,,,,,,,,,,,,,,,,,,,,,,,,,,,,,,,,,,,,,,,,,,,,81.3633117675781,,,,,86.6211395263672,,86.9390029907227,,,,91.981201171875,93.0386123657227,94.8999862670898,95.5759963989258,95.6515274047852,,,
129,Pakistan,Asia,Southern Asia,PAK,"Literacy rate, adult total (% of people ages 15 and above)",SE.ADT.LITR.ZS,,,,,,,,,,,,,,,,,,,,,,25.7251892089844,,,,,,,,,,,,,,,,,42.6993103027344,,,,,,,49.8736381530762,54.1512107849121,52.1368293762207,55.5263710021973,54.8926391601563,55.3751907348633,54.7380218505859,56.7643394470215,55.5949897766113,56.9771499633789,,,59.1320495605469,57.010570526123,57.9988594055176,,
130,Palau,Oceania,Micronesia,PLW,"Literacy rate, adult total (% of people ages 15 and above)",SE.ADT.LITR.ZS,,,,,,,,,,,,,,,,,,,,,91.9214172363281,,,,,,,,,,,,,,,,,,,,,,,,,,,,,,,,,99.5031280517578,,96.5937423706055,,,,,,
131,Panama,Americas,Latin America and the Caribbean,PAN,"Literacy rate, adult total (% of people ages 15 and above)",SE.ADT.LITR.ZS,,,,,,,,,,,,,,,,,,,,,88.0717391967773,,,,,,,,,,88.7798614501953,,,,,,,,,,91.8996200561523,,,,,,,,,,94.0941162109375,,,,,,,,95.4118118286133,95.7360763549805,,
132,Papua New Guinea,Oceania,Melanesia,PNG,"Literacy rate, adult total (% of people ages 15 and above)",SE.ADT.LITR.ZS,,,,,,,,,,,,,,,,,,,,,,,,,,,,,,,,,,,,,,,,,57.34326171875,,,,,,,,,,61.5999984741211,,,,,,,,,,,
133,Paraguay,Americas,Latin America and the Caribbean,PRY,"Literacy rate, adult total (% of people ages 15 and above)",SE.ADT.LITR.ZS,,,,,,,,,,,,,,,,,,,,,,,78.458610534668,,,,,,,,,,90.2718200683594,,,,,,,,,,,,,,,94.558219909668,93.2920837402344,93.7542419433594,93.8709182739258,,94.1974716186523,95.0590362548828,95.0348129272461,95.5548400878906,94.6502380371094,,94.0207977294922,93.2135314941406,94.544548034668,
134,Peru,Americas,Latin America and the Caribbean,PER,"Literacy rate, adult total (% of people ages 15 and above)",SE.ADT.LITR.ZS,,,,,,,,,,,,,,,,,,,,,,81.91845703125,,,,,,,,,,,,87.1506271362305,,,,,,,,,,,87.6698532104492,87.9086685180664,88.6993408203125,89.5908126831055,,,,,93.8417282104492,,93.7079467773438,94.1623382568359,94.1736679077148,94.1496124267578,94.4082717895508,,94.497932434082,
135,Philippines,Asia,South-eastern Asia,PHL,"Literacy rate, adult total (% of people ages 15 and above)",SE.ADT.LITR.ZS,,,,,,,,,,,,,,,,,,,,,83.3172302246094,,,,,,,,,,93.5738983154297,,,,93.9159698486328,,,,,,92.6000595092773,,,92.590690612793,,,,,95.4200973510742,,,,,96.3980026245117,,98.1825485229492,,,,96.2781677246094,,
136,Poland,Europe,Eastern Europe,POL,"Literacy rate, adult total (% of people ages 15 and above)",SE.ADT.LITR.ZS,,,,,,,,,,,,,,,,,,,98.7427368164063,,,,,,,,,,98.7427368164063,,,,,,,,,,98.7427368164063,,,,,,,,,,98.7427368164063,,,,,,,,,,,,,99.8000030517578
137,Portugal,Europe,Southern Europe,PRT,"Literacy rate, adult total (% of people ages 15 and above)",SE.ADT.LITR.ZS,,,,,,,,,,,,,,,,,,,,,,79.4356079101563,,,,,,,,,,87.9478530883789,,,,,,,,,,,,,,,,,,,,94.47705078125,,,,,,,96.1375885009766,,,96.7799987792969
138,Puerto Rico,Americas,Latin America and the Caribbean,PRI,"Literacy rate, adult total (% of people ages 15 and above)",SE.ADT.LITR.ZS,,,,,,,,,,,,,,,,,,,,,86.7460632324219,,,,,,,,,,89.6224975585938,,,,,,,,,,,,,,,,,,,,91.9652328491211,,,,,,,92.3899993896484,,,,92.4000015258789
139,Qatar,Asia,Western Asia,QAT,"Literacy rate, adult total (% of people ages 15 and above)",SE.ADT.LITR.ZS,,,,,,,,,,,,,,,,,,,,,,,,,,,75.6350402832031,,,,,,,,,,,83.2621612548828,,,,,,,86.7316131591797,,,90.0606231689453,91.0107574462891,91.1514205932617,91.7788467407227,91.3640823364258,90.1700592041016,90.6329879760742,91.3272171020508,,93.1453018188477,93.4639663696289,,,,
140,Romania,Europe,Eastern Europe,ROU,"Literacy rate, adult total (% of people ages 15 and above)",SE.ADT.LITR.ZS,,,,,,,,,,,,,,,,,,,,,,,,,,,,,,,,,96.7099761962891,,,,,,,,,,97.2975921630859,,,,,,,,,98.6042861938477,,,,,,,98.8444976806641,,,98.9000015258789
141,Russian Federation,Europe,Eastern Europe,RUS,"Literacy rate, adult total (% of people ages 15 and above)",SE.ADT.LITR.ZS,,,,,,,,,,,,,,,,,,,,,,,,,,,,,,97.9860534667969,,,,,,,,,,,,,99.4409713745117,,,,,,,,99.6842727661133,,,,,,,,99.7300567626953,,99.6999969482422,
142,Rwanda,Africa,Sub-Saharan Africa,RWA,"Literacy rate, adult total (% of people ages 15 and above)",SE.ADT.LITR.ZS,,,,,,,,,,,,,,,,,,,38.2434310913086,,,,,,,,,,,,,57.8534889221191,,,,,,,,,64.8886032104492,,,,,,,,,,65.8522720336914,,68.3310317993164,,70.8041305541992,,,,73.2155914306641,,,75.9000015258789
143,Samoa,Oceania,Polynesia,WSM,"Literacy rate, adult total (% of people ages 15 and above)",SE.ADT.LITR.ZS,,,,,,,,,,,,,,,,,,,,,,,,,,,,,,,,97.9443283081055,,,,,,,,,,,,,,,,,,,,98.973258972168,,,,,,,99.0957717895508,,,99.0999984741211
144,San Marino,Europe,Southern Europe,SMR,"Literacy rate, adult total (% of people ages 15 and above)",SE.ADT.LITR.ZS,,,,,,,,,,,,,,,,,,,,,,,,,,,,,,,,,,,,,,,,,,,,,,,,,,,,,,,,,,,,,,
145,Sao Tome and Principe,Africa,Sub-Saharan Africa,STP,"Literacy rate, adult total (% of people ages 15 and above)",SE.ADT.LITR.ZS,,,,,,,,,,,,,,,,,,,,,,57.3242607116699,,,,,,,,,,73.2424163818359,,,,,,,,,,84.9085083007813,,,,,,,69.5363922119141,,,,90.1430969238281,,,,,,92.8166427612305,,,93.8000030517578
146,Saudi Arabia,Asia,Western Asia,SAU,"Literacy rate, adult total (% of people ages 15 and above)",SE.ADT.LITR.ZS,,,,,,,,,,,,,,,,,,,,,,,,,,,,,,,,,70.821647644043,,,,,,,,79.3509368896484,,,,82.8577423095703,,,,,,,,,94.4263381958008,,,,95.3286285400391,,,97.5850677490234,
147,Senegal,Africa,Sub-Saharan Africa,SEN,"Literacy rate, adult total (% of people ages 15 and above)",SE.ADT.LITR.ZS,,,,,,,,,,,,,,,,,,,,,,,,,,,,,26.8688507080078,,,,,,,,,,,,,,39.2752494812012,,,,41.8911514282227,,,48.0367813110352,,51.8145484924316,,43.5345001220703,,,,51.9004211425781,,,,56.2999992370605
148,Serbia,Europe,Southern Europe,SRB,"Literacy rate, adult total (% of people ages 15 and above)",SE.ADT.LITR.ZS,,,,,,,,,,,,,,,,,,,,,,,,,,,,,,,,,,,,,,,,,,,,96.3972396850586,,,,,,,,97.9624099731445,,,,,98.8415069580078,,,99.4825286865234,,
149,Seychelles,Africa,Sub-Saharan Africa,SYC,"Literacy rate, adult total (% of people ages 15 and above)",SE.ADT.LITR.ZS,,,,,,,,,,,,,,,,,,,,,,,,,,,,84.2292175292969,,,,,,,87.811149597168,,,,,,,,91.8364562988281,,,,,,,,93.954231262207,,,,,,,,95.8677062988281,,96.1999969482422,
150,Sierra Leone,Africa,Sub-Saharan Africa,SLE,"Literacy rate, adult total (% of people ages 15 and above)",SE.ADT.LITR.ZS,,,,,,,,,,,,,,,,,,,,,,,,,,,,,,,,,,,,,,,,,,,,,34.826789855957,,,,,,,,,32.4261703491211,,,,,43.2063293457031,,,47.7000007629395
151,Singapore,Asia,South-eastern Asia,SGP,"Literacy rate, adult total (% of people ages 15 and above)",SE.ADT.LITR.ZS,,,,,,,,,,,,,,,,,,,,,82.9060516357422,,,,,,,,,,89.0960006713867,,,,,,,,,,92.5494003295898,,,,,,,,,,95.8573303222656,96.1860427856445,96.3697891235352,96.5480194091797,96.7166900634766,96.8254928588867,97.049560546875,97.2022171020508,97.344856262207,97.4795837402344,97.1318511962891,
152,Sint Maarten (Dutch part),Americas,Latin America and the Caribbean,SXM,"Literacy rate, adult total (% of people ages 15 and above)",SE.ADT.LITR.ZS,,,,,,,,,,,,,,,,,,,,,,,,,,,,,,,,,,,,,,,,,,,,,,,,,,,,,,,,,,,,,,
153,Slovenia,Europe,Southern Europe,SVN,"Literacy rate, adult total (% of people ages 15 and above)",SE.ADT.LITR.ZS,,,,,,,,,,,,,,,,,,,,,,,,,,,,,,,,99.5245208740234,,,,,,,,,,99.5999984741211,,,99.6999969482422,,,,,,,,,,99.6999969482422,,,,,,,
154,Solomon Islands,Oceania,Melanesia,SLB,"Literacy rate, adult total (% of people ages 15 and above)",SE.ADT.LITR.ZS,,,,,,,,,,,,,,,,,,,,,,,,,,,,,,,,,,,,,,,,76.5999984741211,,,,,,,,,,76.5999984741211,,,,,,,,,,,,
155,Somalia,Africa,Sub-Saharan Africa,SOM,"Literacy rate, adult total (% of people ages 15 and above)",SE.ADT.LITR.ZS,,,,,,,,,,,,,5.40465021133423,,,,,,,,,,,,,,,,,,,,,,,,,,,,,,,,,,,,,,,,,,,,,,,,,
156,South Africa,Africa,Sub-Saharan Africa,ZAF,"Literacy rate, adult total (% of people ages 15 and above)",SE.ADT.LITR.ZS,,,,,,,,,,,,,,,,,,,,,76.2004928588867,,,,,,,,,,,,,,,,82.402099609375,,,,,,,,,,,88.7172470092773,,92.8948593139648,92.8773193359375,93.1021423339844,93.7294692993164,,94.1399002075195,94.367919921875,,87.0466690063477,,95.0229721069336,,
157,South Sudan,Africa,Sub-Saharan Africa,SSD,"Literacy rate, adult total (% of people ages 15 and above)",SE.ADT.LITR.ZS,,,,,,,,,,,,,,,,,,,,,,,,,,,,,,,,,,,,,,,,,,,,,,,,,26.8312797546387,,,,,,,,,,34.5227584838867,,,
158,Spain,Europe,Southern Europe,ESP,"Literacy rate, adult total (% of people ages 15 and above)",SE.ADT.LITR.ZS,,,,,,,,,,,,,,,,,,,,,,92.8097686767578,,,,,,,,,,96.4949722290039,,,,,,,,,,,,,97.1651229858398,97.7506866455078,97.7521362304688,97.9388427734375,97.6306076049805,97.6792678833008,97.7489013671875,97.7837524414063,97.8945388793945,98.0791320800781,98.0937194824219,98.1432571411133,98.2505111694336,,98.4365005493164,,98.5944595336914,
159,Sri Lanka,Asia,Southern Asia,LKA,"Literacy rate, adult total (% of people ages 15 and above)",SE.ADT.LITR.ZS,,,,,,,,,,,,,,,,,,,,,,86.7779235839844,,,,,,,,,,,,,,,,,,,,90.682746887207,,,,,90.8088302612305,,90.5579528808594,,91.1813583374023,,,,,,92.3869018554688,91.895751953125,91.7098236083984,92.2529602050781,92.3823013305664,
160,Sudan,Africa,Northern Africa,SDN,"Literacy rate, adult total (% of people ages 15 and above)",SE.ADT.LITR.ZS,,,,,,,,,,,,,,,,,,,,,,,,,,,,,,,,,,,,,,,,,61.3458709716797,,,,,,,,53.5173797607422,,,,,,,,,,60.6971817016602,,,
161,Suriname,Americas,Latin America and the Caribbean,SUR,"Literacy rate, adult total (% of people ages 15 and above)",SE.ADT.LITR.ZS,,,,,,,,,,,,,,,,,,,,,,,,,,,,,,,,,,,,,,,,,,,,,89.5980606079102,,,,94.6209411621094,,94.6757507324219,,92.8686599731445,,,,,,94.3832702636719,,,95.0
162,Sweden,Europe,Northern Europe,SWE,"Literacy rate, adult total (% of people ages 15 and above)",SE.ADT.LITR.ZS,,,,,,,,,,,,,,,,,,,,,,,,,,,,,,,,,,,,,,,,,,,,,,,,,,,,,,,,,,,,,,
163,Switzerland,Europe,Western Europe,CHE,"Literacy rate, adult total (% of people ages 15 and above)",SE.ADT.LITR.ZS,,,,,,,,,,,,,,,,,,,,,,,,,,,,,,,,,,,,,,,,,,,,,,,,,,,,,,,,,,,,,,
164,Syrian Arab Republic,Asia,Western Asia,SYR,"Literacy rate, adult total (% of people ages 15 and above)",SE.ADT.LITR.ZS,,,,,,,,,,,,,,,,,,,,,,55.6544990539551,,,,,,,,,,,,,,,,,,,,,82.8882522583008,,80.8445205688477,,,,,,,,,,86.3000030517578,,,,,,,
165,Tajikistan,Asia,Central Asia,TJK,"Literacy rate, adult total (% of people ages 15 and above)",SE.ADT.LITR.ZS,,,,,,,,,,,,,,,,,,,,,,,,,,,,,,97.6940231323242,,,,,,,,,,,99.45068359375,,,,,,,,,,99.6999969482422,,,,99.8000030517578,,,,,,,
166,Thailand,Asia,South-eastern Asia,THA,"Literacy rate, adult total (% of people ages 15 and above)",SE.ADT.LITR.ZS,,,,,,,,,,,,,,,,,,,,,87.9817581176758,,,,,,,,,,,,,,,,,,,,92.6465377807617,,,,,93.5064697265625,,,,,96.430908203125,,,93.7020721435547,,92.8683090209961,,,93.7677612304688,,,94.0999984741211
167,Timor-Leste,Asia,South-eastern Asia,TLS,"Literacy rate, adult total (% of people ages 15 and above)",SE.ADT.LITR.ZS,,,,,,,,,,,,,,,,,,,,,,,,,,,,,,,,,,,,,,,,,,37.5999984741211,,,,,,50.5999984741211,,,58.3089790344238,,,,,,,,68.0668334960938,,69.9000015258789,
168,Togo,Africa,Sub-Saharan Africa,TGO,"Literacy rate, adult total (% of people ages 15 and above)",SE.ADT.LITR.ZS,,,,,,,,,,,,,,,,,,,,,,,,,,,,,,,,,,,,,,,,,53.1776008605957,,,,,,56.888370513916,,,57.0933799743652,,60.4099388122559,,,,63.7456207275391,,,,66.5370788574219,,
169,Tonga,Oceania,Polynesia,TON,"Literacy rate, adult total (% of people ages 15 and above)",SE.ADT.LITR.ZS,,,,,,,,,,,,,,,,,99.5924606323242,,,,,,,,,,,,,,,,,,,,98.9053726196289,,,,,,,,,,99.0184631347656,,,,,99.3855285644531,,,,,,,99.4143676757813,,,99.4000015258789
170,Trinidad and Tobago,Americas,Latin America and the Caribbean,TTO,"Literacy rate, adult total (% of people ages 15 and above)",SE.ADT.LITR.ZS,,,,,,,,,,,,,,,,,,,,,94.9703216552734,,,,,,,,,,96.9385528564453,,,,,,,,,,97.9000015258789,,,,,,,,,,98.6999969482422,,,,,,,,,,,
171,Tunisia,Africa,Northern Africa,TUN,"Literacy rate, adult total (% of people ages 15 and above)",SE.ADT.LITR.ZS,,,,,,,,,,,,,,,,,,,,,,,,,48.1907005310059,,,,,,,,,,,,,,,,,,,,74.2969970703125,,,77.1903991699219,77.7146224975586,,79.1305770874023,79.6539077758789,80.21875,,79.0364303588867,,,,,,,82.6999969482422
172,Turkmenistan,Asia,Central Asia,TKM,"Literacy rate, adult total (% of people ages 15 and above)",SE.ADT.LITR.ZS,,,,,,,,,,,,,,,,,,,,,,,,,,,,,,,,,,,,98.7783203125,,,,,,,,,,99.4000015258789,,,,,,,,,99.6999969482422,,,,,,,
173,Turks and Caicos Islands,Americas,Latin America and the Caribbean,TCA,"Literacy rate, adult total (% of people ages 15 and above)",SE.ADT.LITR.ZS,,,,,,,,,,,,,,,,,,,,,,,,,,,,,,,,,,,,,,,,,,,,,,,,,,,,,,,,,,,,,,
174,Tuvalu,Oceania,Polynesia,TUV,"Literacy rate, adult total (% of people ages 15 and above)",SE.ADT.LITR.ZS,,,,,,,,,,,,,,,,,,,,,,,,,,,,,,,,,,,,,,,,,,,,,,,,,,,,,,,,,,,,,,
175,Uganda,Africa,Sub-Saharan Africa,UGA,"Literacy rate, adult total (% of people ages 15 and above)",SE.ADT.LITR.ZS,,,,,,,,,,,,,,,,,,,,,,,,,,,,,,,,56.1073799133301,,,,,,,,,,,68.1425094604492,,,,71.3731384277344,,,,73.2118835449219,,70.1982192993164,,,,,,76.5274963378906,,,79.0
176,Ukraine,Europe,Eastern Europe,UKR,"Literacy rate, adult total (% of people ages 15 and above)",SE.ADT.LITR.ZS,,,,,,,,,,,,,,,,,,,,,,,,,,,,,,,,,,,,,,,,,,99.4304122924805,,,,,,,,,,,99.9743499755859,,,,,,,,,100.0
177,United Arab Emirates,Asia,Western Asia,ARE,"Literacy rate, adult total (% of people ages 15 and above)",SE.ADT.LITR.ZS,,,,,,,,,,,,,,,,53.5148811340332,,,,,,,,,,71.2352981567383,,,,,,,,,,,,,,,,,,,,90.0338516235352,,,,,,,,,,,,,,95.526481628418,,98.1263580322266
178,Uruguay,Americas,Latin America and the Caribbean,URY,"Literacy rate, adult total (% of people ages 15 and above)",SE.ADT.LITR.ZS,,,,,,,,,,,,,,,,93.8610687255859,,,,,,,,,,95.3799819946289,,,,,,,,,,,96.7818069458008,,,,,,,,,,97.7896270751953,97.8638916015625,98.1635589599609,98.2672271728516,98.0727081298828,98.3358993530273,98.3959426879883,98.3638687133789,98.4359283447266,98.5238723754883,98.5614700317383,98.61572265625,98.703857421875,98.7703475952148,,
179,Uzbekistan,Asia,Central Asia,UZB,"Literacy rate, adult total (% of people ages 15 and above)",SE.ADT.LITR.ZS,,,,,,,,,,,,,,,,,,,,,,,,,,,,,,,,,,,,,,,,,98.642578125,,,,,,,,,,,,,99.9948577880859,99.9805526733398,99.9838333129883,99.986572265625,,99.9928894042969,99.9999465942383,,
180,Vanuatu,Oceania,Melanesia,VUT,"Literacy rate, adult total (% of people ages 15 and above)",SE.ADT.LITR.ZS,,,,,,,,,,,,,,,,,,,,52.8739204406738,,,,,58.2000007629395,,,,,,,,,,68.6999969482422,,,,,74.0,,,,,78.4000015258789,,,,,,,,,,84.6999969482422,,,,87.5063095092773,,,89.0999984741211
181,Virgin Islands (U.S.),Americas,Latin America and the Caribbean,VIR,"Literacy rate, adult total (% of people ages 15 and above)",SE.ADT.LITR.ZS,,,,,,,,,,,,,,,,,,,,,,,,,,,,,,,,,,,,,,,,,,,,,,,,,,,,,,,,,,,,,,
182,Zambia,Africa,Sub-Saharan Africa,ZMB,"Literacy rate, adult total (% of people ages 15 and above)",SE.ADT.LITR.ZS,,,,,,,,,,,,,,,,,,,,,,,,,,,,,,,64.9982833862305,,,,,,,,,68.0017929077148,,,69.1492233276367,,,,,61.1270904541016,,,83.0076675415039,,,,,,,,86.7479629516602,,87.5,
183,Zimbabwe,Africa,Sub-Saharan Africa,ZWE,"Literacy rate, adult total (% of people ages 15 and above)",SE.ADT.LITR.ZS,,,,,,,,,,,,,,,,,,,,,,,77.7941665649414,,,,,,,,,,83.512580871582,,,,,,,,,,,,,,,,,,,83.5827102661133,,,88.6934204101563,,,,,,,89.6999969482422
