,Country Name,Country Code,region,sub-region,Indicator Name,Indicator Code,1960,1961,1962,1963,1964,1965,1966,1967,1968,1969,1970,1971,1972,1973,1974,1975,1976,1977,1978,1979,1980,1981,1982,1983,1984,1985,1986,1987,1988,1989,1990,1991,1992,1993,1994,1995,1996,1997,1998,1999,2000,2001,2002,2003,2004,2005,2006,2007,2008,2009,2010,2011,2012,2013,2014,2015,2016,2017,2018,2019,2020,2021
0,Afghanistan,AFG,Asia,Southern Asia,"Literacy rate, adult total (% of people ages 15 and above)",SE.ADT.LITR.ZS,,,,,,,,,,,,,,,,,,,,18.1576805114746,,,,,,,,,,,,,,,,,,,,,,,,,,,,,,,,31.4488506317139,,,,,,,,,,37.266040802002
1,Albania,ALB,Europe,Southern Europe,"Literacy rate, adult total (% of people ages 15 and above)",SE.ADT.LITR.ZS,,,,,,,,,,,,,,,,,,,,,,,,,,,,,,,,,,,,,,,,,,98.7129821777344,,,,,,,95.9386367797852,,,96.8452987670898,97.2469711303711,,,,,,98.1411514282227,,,98.4499969482422
2,Algeria,DZA,Africa,Northern Africa,"Literacy rate, adult total (% of people ages 15 and above)",SE.ADT.LITR.ZS,,,,,,,,,,,,,,,,,,,,,,,,,,,,49.6308784484863,,,,,,,,,,,,,,,69.8734970092773,,,,72.648681640625,,75.1360473632813,,,,,,,,,,81.4078369140625,,,
3,American Samoa,ASM,Oceania,Polynesia,"Literacy rate, adult total (% of people ages 15 and above)",SE.ADT.LITR.ZS,,,,,,,,,,,,,,,,,,,,,97.3441619873047,,,,,,,,,,,,,,,,,,,,,,,,,,,,,,,,,,,,,,,,,
4,Andorra,AND,Europe,Southern Europe,"Literacy rate, adult total (% of people ages 15 and above)",SE.ADT.LITR.ZS,,,,,,,,,,,,,,,,,,,,,,,,,,,,,,,,,,,,,,,,,,,,,,,,,,,,,,,,,,,,,,
5,Angola,AGO,Africa,Sub-Saharan Africa,"Literacy rate, adult total (% of people ages 15 and above)",SE.ADT.LITR.ZS,,,,,,,,,,,,,,,,,,,,,,,,,,,,,,,,,,,,,,,,,,67.4054183959961,,,,,,,,,,,,,66.0301132202148,,,,,,,72.2799987792969
6,Antigua and Barbuda,ATG,Americas,Latin America and the Caribbean,"Literacy rate, adult total (% of people ages 15 and above)",SE.ADT.LITR.ZS,,,,,,,,,,,,,,,,,,,,,,,,,,,,,,,,,,,,,,,,,,98.9499969482422,,,,,,,,,,98.9499969482422,,,,98.9499969482422,,,,,,
7,Argentina,ARG,Americas,Latin America and the Caribbean,"Literacy rate, adult total (% of people ages 15 and above)",SE.ADT.LITR.ZS,,,,,,,,,,,,,,,,,,,,,93.9128570556641,,,,,,,,,,,96.0407180786133,,,,,,,,,,97.1933135986328,,,,,98.6108016967773,,,98.9834213256836,98.9549713134766,99.1083297729492,99.1052322387695,99.1219482421875,98.9938888549805,99.1799621582031,99.1250076293945,,99.0038681030273,,,
8,Armenia,ARM,Asia,Western Asia,"Literacy rate, adult total (% of people ages 15 and above)",SE.ADT.LITR.ZS,,,,,,,,,,,,,,,,,,,,,,,,,,,,,,98.7519607543945,,,,,,,,,,,,99.4001617431641,,,,,,,,,,99.7444076538086,,,,,99.7444076538086,99.7360687255859,,,99.7886123657227,
9,Aruba,ABW,Americas,Latin America and the Caribbean,"Literacy rate, adult total (% of people ages 15 and above)",SE.ADT.LITR.ZS,,,,,,,,,,,,,,,,,,,,,,,,,,,,,,,,,,,,,,,,,97.2912521362305,,,,,,,,,,96.822639465332,,,,,,,,97.8074188232422,,97.9899978637695,
10,Australia,AUS,Oceania,Australia and New Zealand,"Literacy rate, adult total (% of people ages 15 and above)",SE.ADT.LITR.ZS,,,,,,,,,,,,,,,,,,,,,,,,,,,,,,,,,,,,,,,,,,,,,,,,,,,,,,,,,,,,,,
11,Austria,AUT,Europe,Western Europe,"Literacy rate, adult total (% of people ages 15 and above)",SE.ADT.LITR.ZS,,,,,,,,,,,,,,,,,,,,,,,,,,,,,,,,,,,,,,,,,,,,,,,,,,,,,,,,,,,,,,
12,Azerbaijan,AZE,Asia,Western Asia,"Literacy rate, adult total (% of people ages 15 and above)",SE.ADT.LITR.ZS,,,,,,,,,,,,,,,,,,,,,,,,,,,,,,,,,,,,,,,,98.7918014526367,,,,,,,,99.5931930541992,,99.7598419189453,99.7711410522461,99.7786331176758,99.7757720947266,99.7893600463867,99.7889862060547,99.7880630493164,99.7900619506836,99.7912292480469,,99.7959823608398,,
13,Bahamas,BHS,Americas,Latin America and the Caribbean,"Literacy rate, adult total (% of people ages 15 and above)",SE.ADT.LITR.ZS,,,,,,,,,,,,,,,,,,,,,,,,,,,,,,,,,,,,,,,,,,,,,,,,,,,,,,,,,,,,,,
14,Bahrain,BHR,Asia,Western Asia,"Literacy rate, adult total (% of people ages 15 and above)",SE.ADT.LITR.ZS,,,,,,,,,,,,,,,,,,,,,,69.7535095214844,,,,,,,,,,84.0138320922852,,,,,,,,,,86.5487365722656,,,,,,,,,90.9774017333984,92.3000030517578,,,,,,,,,,
15,Bangladesh,BGD,Asia,Southern Asia,"Literacy rate, adult total (% of people ages 15 and above)",SE.ADT.LITR.ZS,,,,,,,,,,,,,,,,,,,,,,29.2272300720215,,,,,,,,,,35.3193016052246,,,,,,,,,,47.4855003356934,,,,,,46.6636009216309,,,,58.7691802978516,57.8607482910156,61.0155410766602,61.0932998657227,65.1373291015625,72.7587203979492,72.8929672241211,73.9122009277344,74.6844635009766,74.9088973999023,
16,Barbados,BRB,Americas,Latin America and the Caribbean,"Literacy rate, adult total (% of people ages 15 and above)",SE.ADT.LITR.ZS,,,,,,,,,,,99.2680816650391,,,,,,,,,,99.5,,,,99.5999984741211,,,,,,,,,,99.5999984741211,,,,,,,,,,99.5999984741211,,,,,,,,,,99.5999984741211,,,,,,,
17,Belarus,BLR,Europe,Eastern Europe,"Literacy rate, adult total (% of people ages 15 and above)",SE.ADT.LITR.ZS,,,,,,,,,,,,,,,,,,,,,,,,,,,,,,97.8833694458008,,,,,,,,,,99.5907287597656,,,,,,,,,,99.617057800293,,,,,,,,,,99.8740005493164,,
18,Belgium,BEL,Europe,Western Europe,"Literacy rate, adult total (% of people ages 15 and above)",SE.ADT.LITR.ZS,,,,,,,,,,,,,,,,,,,,,,,,,,,,,,,,,,,,,,,,,,,,,,,,,,,,,,,,,,,,,,
19,Belize,BLZ,Americas,Latin America and the Caribbean,"Literacy rate, adult total (% of people ages 15 and above)",SE.ADT.LITR.ZS,,,,,,,,,,,,,,,,,,,,,,,,,,,,,,,,70.2984237670898,,,,,,,,,76.9029769897461,80.9000015258789,,,,,,,,,,,,,,,,,,,,
20,Benin,BEN,Africa,Sub-Saharan Africa,"Literacy rate, adult total (% of people ages 15 and above)",SE.ADT.LITR.ZS,,,,,,,,,,,,,,,,,,,,16.4827308654785,,,,,,,,,,,,,27.2451705932617,,,,,,,,,,34.6578483581543,,,,28.7021102905273,,,,,,32.9488182067871,,,,,,42.3624000549316,,,45.8400001525879
21,Bermuda,BMU,Americas,Northern America,"Literacy rate, adult total (% of people ages 15 and above)",SE.ADT.LITR.ZS,,,,,,,,,,,,,,,,,,,,,,,,,,,,,,,,,,,,,,,,,,,,,,,,,,,,,,,,,,,,,,
22,Bhutan,BTN,Asia,Southern Asia,"Literacy rate, adult total (% of people ages 15 and above)",SE.ADT.LITR.ZS,,,,,,,,,,,,,,,,,,,,,,,,,,,,,,,,,,,,,,,,,,,,,,52.8146896362305,,,,,,,55.3175582885742,,,,,66.561149597168,,,,70.9499969482422
23,Bolivia (Plurinational State of),BOL,Americas,Latin America and the Caribbean,"Literacy rate, adult total (% of people ages 15 and above)",SE.ADT.LITR.ZS,,,,,,,,,,,,,,,,,63.2081489562988,,,,,,,,,,,,,,,,79.9917678833008,,,,,,,,,86.7236709594727,,,,,,90.7434692382813,90.698112487793,91.1678314208984,,92.2261505126953,94.4605712890625,,,92.455078125,,,,,93.8525619506836,
24,Bosnia and Herzegovina,BIH,Europe,Southern Europe,"Literacy rate, adult total (% of people ages 15 and above)",SE.ADT.LITR.ZS,,,,,,,,,,,,,,,,,,,,,,,,,,,,,,,,89.063591003418,,,,,,,,,96.6631011962891,,,,,,,,,,,98.1420364379883,,96.9917678833008,,,,,,,,98.0999984741211
25,Botswana,BWA,Africa,Sub-Saharan Africa,"Literacy rate, adult total (% of people ages 15 and above)",SE.ADT.LITR.ZS,,,,,,,,,,,,,,,,,,,,,,,,,,,,,,,,68.5809097290039,,,,,,,,,,,,81.1887130737305,,,,,,,,,,86.8231811523438,,,,,,,,
26,Brazil,BRA,Americas,Latin America and the Caribbean,"Literacy rate, adult total (% of people ages 15 and above)",SE.ADT.LITR.ZS,,,,,,,,,,,,,,,,,,,,,74.5867309570313,,,,,,,,,,,,,,,,,,,,86.3678817749023,,,,88.6162414550781,,89.6152267456055,90.0093688964844,90.03662109375,90.298210144043,90.3791809082031,91.4112396240234,91.3378524780273,91.4842376708984,91.7294311523438,92.0478973388672,92.8084411621094,93.0758209228516,93.2275009155273,,,94.3000030517578
27,Brunei Darussalam,BRN,Asia,South-eastern Asia,"Literacy rate, adult total (% of people ages 15 and above)",SE.ADT.LITR.ZS,,,,,,,,,,,,,,,,,,,,,,77.7354965209961,,,,,,,,,,87.8041763305664,,,,,,,,,,92.6711273193359,,,,,,,,,,96.085563659668,,,,,,,97.214111328125,,,97.5899963378906
28,Bulgaria,BGR,Europe,Eastern Europe,"Literacy rate, adult total (% of people ages 15 and above)",SE.ADT.LITR.ZS,,,,,,,,,,,,,,,,,,,,,,,,,,,,,,,,,,,,,,,,,,98.2035598754883,,,,,,,,,,98.3524475097656,,,,,,,,,,98.4199981689453
29,Burkina Faso,BFA,Africa,Sub-Saharan Africa,"Literacy rate, adult total (% of people ages 15 and above)",SE.ADT.LITR.ZS,,,,,,,,,,,,,,,,8.83022975921631,,,,,,,,,,,,,,,,13.5692300796509,,,,,12.8481702804565,,,,,,,21.8229198455811,,23.5221996307373,22.4725799560547,28.2936592102051,,,,,,,34.5993995666504,,,,39.3458518981934,,,46.0400009155273
30,Burundi,BDI,Africa,Sub-Saharan Africa,"Literacy rate, adult total (% of people ages 15 and above)",SE.ADT.LITR.ZS,,,,,,,,,,,,,,,,,,,,22.5085506439209,,,,,,,,,,,37.3847198486328,,,,,,,,,,59.3036193847656,,,,,,,,48.0840606689453,,,,,,61.5134887695313,,,68.3753280639648,,,,74.7099990844727
31,Cabo Verde,CPV,Africa,Sub-Saharan Africa,"Literacy rate, adult total (% of people ages 15 and above)",SE.ADT.LITR.ZS,,,,,,,,,,,,,,,,,,,,,,,,,,,,,,,62.7968597412109,,,,,,,,,,76.1104431152344,,,,,,,,,,,,85.3277893066406,,,86.7902908325195,,,,,,90.7799987792969
32,Cambodia,KHM,Asia,South-eastern Asia,"Literacy rate, adult total (% of people ages 15 and above)",SE.ADT.LITR.ZS,,,,,,,,,,,,,,,,,,,,,,,,,,,,,,,,,,,,,,,67.3350296020508,,,,,,73.6099472045898,,,,76.8712921142578,76.1379623413086,,,,,78.0550918579102,80.5264892578125,,,,,,83.9100036621094
33,Cameroon,CMR,Africa,Sub-Saharan Africa,"Literacy rate, adult total (% of people ages 15 and above)",SE.ADT.LITR.ZS,,,,,,,,,,,,,,,,,41.2162094116211,,,,,,,,,,,,,,,,,,,,,,,,68.4091567993164,,,,,,,70.6799392700195,,,71.2905120849609,,,,,,,,77.0710372924805,,78.2300033569336,
34,Canada,CAN,Americas,Northern America,"Literacy rate, adult total (% of people ages 15 and above)",SE.ADT.LITR.ZS,,,,,,,,,,,,,,,,,,,,,,,,,,,,,,,,,,,,,,,,,,,,,,,,,,,,,,,,,,,,,,
35,Cayman Islands,CYM,Americas,Latin America and the Caribbean,"Literacy rate, adult total (% of people ages 15 and above)",SE.ADT.LITR.ZS,,,,,,,,,,,,,,,,,,,,,,,,,,,,,,,,,,,,,,,,,,,,,,,,98.8678207397461,,,,,,,,,,98.8678207397461,,,,98.8678207397461
36,Central African Republic,CAF,Africa,Sub-Saharan Africa,"Literacy rate, adult total (% of people ages 15 and above)",SE.ADT.LITR.ZS,,,,,,,,,,,,,,,,18.2361698150635,,,,,,,,,,,,,33.6244201660156,,,,,,,,,,,,50.6451683044434,,,,,,,,,,36.7526092529297,,,,,,,,37.3958206176758,,37.4900016784668,
37,Chad,TCD,Africa,Sub-Saharan Africa,"Literacy rate, adult total (% of people ages 15 and above)",SE.ADT.LITR.ZS,,,,,,,,,,,,,,,,,,,,,,,,,,,,,,,,,,10.8946504592896,,,,,,,25.6542091369629,,,,28.3814296722412,,,,,,,,,,,26.0029907226563,22.3115501403809,,,,,26.7600002288818
38,Chile,CHL,Americas,Latin America and the Caribbean,"Literacy rate, adult total (% of people ages 15 and above)",SE.ADT.LITR.ZS,,,,,,,,,,,,,,,,,,,,,,,91.1284027099609,,,,,,,,,,94.2911376953125,,,,,,,,,,95.7166213989258,,,,,,97.7224502563477,97.6642303466797,,96.703010559082,,96.2670593261719,,96.8741302490234,,96.4022827148438,,,,97.0400009155273
39,China,CHN,Asia,Eastern Asia,"Literacy rate, adult total (% of people ages 15 and above)",SE.ADT.LITR.ZS,,,,,,,,,,,,,,,,,,,,,,,65.5050888061523,,,,,,,,77.7850570678711,,,,,,,,,,90.9202117919922,,,,,,,,,,95.1244812011719,,,,,,,,96.8408889770508,,97.1500015258789,
40,Colombia,COL,Americas,Latin America and the Caribbean,"Literacy rate, adult total (% of people ages 15 and above)",SE.ADT.LITR.ZS,,,,,,,,,,,,,,,,,,,,,,,,,,,,,,,,,,91.0630874633789,,,91.207160949707,,,,,,,,92.8037796020508,92.8486633300781,92.2996826171875,92.6517868041992,93.3781814575195,93.2446899414063,93.3723297119141,93.5805282592773,,,94.1862487792969,94.2450485229492,94.6538467407227,,95.0925064086914,95.249267578125,95.6363296508789,
41,Comoros,COM,Africa,Sub-Saharan Africa,"Literacy rate, adult total (% of people ages 15 and above)",SE.ADT.LITR.ZS,,,,,,,,,,,,,,,,,,,,,47.9192314147949,,,,,,,,,,,,,,,,,,,,68.4892272949219,,,,,,,,,,,,49.1961402893066,,,,,,58.8170204162598,,,61.9900016784668
42,Congo,COG,Africa,Sub-Saharan Africa,"Literacy rate, adult total (% of people ages 15 and above)",SE.ADT.LITR.ZS,,,,,,,,,,,,,,,,,,,,,,,,,59.6191215515137,,,,,,,,,,,,,,,,,,,,,76.1147918701172,,,,,,79.3111724853516,,,,,,,80.2987594604492,,,80.6100006103516
43,"Congo, Democratic Republic of the",COD,Africa,Sub-Saharan Africa,"Literacy rate, adult total (% of people ages 15 and above)",SE.ADT.LITR.ZS,,,,,,,,,,,,,,,,,,,,,,,,,,,,,,,,,,,,,,,,,,67.1729888916016,,,,,,61.2055511474609,,,,,75.0171890258789,,,,77.0426788330078,,,,,80.0199966430664
44,Costa Rica,CRI,Americas,Latin America and the Caribbean,"Literacy rate, adult total (% of people ages 15 and above)",SE.ADT.LITR.ZS,,,,,,,,,,,,,,,,,,,,,,,,,92.6290435791016,,,,,,,,,,,,,,,,94.8681869506836,,,,,,,,,,,97.4065780639648,,,,,,,97.8637924194336,,,98.0400009155273
45,Côte d'Ivoire,CIV,Africa,Sub-Saharan Africa,"Literacy rate, adult total (% of people ages 15 and above)",SE.ADT.LITR.ZS,,,,,,,,,,,,,,,,,,,,,,,,,,,,,34.1392784118652,,,,,,,,,,36.3502388000488,,48.7407608032227,,,,,,,,,,,,40.9816284179688,,43.9084205627441,,,,,89.8934173583984,,
46,Croatia,HRV,Europe,Southern Europe,"Literacy rate, adult total (% of people ages 15 and above)",SE.ADT.LITR.ZS,,,,,,,,,,,,,,,,,,,,,,,,,,,,,,,,96.7015533447266,,,,,,,,,,98.1466827392578,,,,,,,,,,99.125358581543,,,,,,,,,,99.4499969482422
47,Cuba,CUB,Americas,Latin America and the Caribbean,"Literacy rate, adult total (% of people ages 15 and above)",SE.ADT.LITR.ZS,,,,,,,,,,,,,,,,,,,,,,97.8466491699219,,,,,,,,,,,,,,,,,,,,,99.799072265625,,,,,,,,,,99.7525329589844,,,,,,,,,99.6731109619141
48,Curaçao,CUW,Americas,Latin America and the Caribbean,"Literacy rate, adult total (% of people ages 15 and above)",SE.ADT.LITR.ZS,,,,,,,,,,,,,,,,,,,,,,,,,,,,,,,,,,,,,,,,,,,,,,,,,,,,,,,,,,,,,,
49,Cyprus,CYP,Asia,Western Asia,"Literacy rate, adult total (% of people ages 15 and above)",SE.ADT.LITR.ZS,,,,,,,,,,,,,,,,,,,,,,,,,,,,,,,,,94.3624725341797,,,,,,,,,96.8036270141602,,,,,,,,,,98.6784286499023,,,,,,,,,,99.3600006103516
50,Czechia,CZE,Europe,Eastern Europe,"Literacy rate, adult total (% of people ages 15 and above)",SE.ADT.LITR.ZS,,,,,,,,,,,,,,,,,,,,,,,,,,,,,,,,,,,,,,,,,,,,,,,,,,,,,,,,,,,,,,
51,Denmark,DNK,Europe,Northern Europe,"Literacy rate, adult total (% of people ages 15 and above)",SE.ADT.LITR.ZS,,,,,,,,,,,,,,,,,,,,,,,,,,,,,,,,,,,,,,,,,,,,,,,,,,,,,,,,,,,,,,
52,Djibouti,DJI,Africa,Sub-Saharan Africa,"Literacy rate, adult total (% of people ages 15 and above)",SE.ADT.LITR.ZS,,,,,,,,,,,,,,,,,,,,,,,,,,,,,,,,,,,,,,,,,,,,,,,,,,,,,,,,,,,,,,
53,Dominica,DMA,Americas,Latin America and the Caribbean,"Literacy rate, adult total (% of people ages 15 and above)",SE.ADT.LITR.ZS,,,,,,,,,,,,,,,,,,,,,,,,,,,,,,,,,,,,,,,,,,,,,,,,,,,,,,,,,,,,,,
54,Dominican Republic,DOM,Americas,Latin America and the Caribbean,"Literacy rate, adult total (% of people ages 15 and above)",SE.ADT.LITR.ZS,,,,,,,,,,,,,,,,,,,,,,73.064567565918,,,,,,,,,,,,,,,,,,,,,86.996467590332,,,,,88.2444610595703,,,89.5387268066406,90.1063766479492,90.1551818847656,90.8581466674805,91.7637634277344,91.9912109375,93.7784576416016,,,,,95.1699981689453
55,Ecuador,ECU,Americas,Latin America and the Caribbean,"Literacy rate, adult total (% of people ages 15 and above)",SE.ADT.LITR.ZS,,,,,,,,,,,,,,,,,,,,,,,83.5526885986328,,,,,,,,88.2987594604492,,,,,,,,,,,90.9840316772461,,,,,,92.0967864990234,92.3900527954102,92.2497634887695,91.8540420532227,91.5868988037109,92.0647277832031,93.2946319580078,94.2226409912109,94.4556579589844,94.350227355957,92.8297882080078,,,93.6260986328125,94.4835891723633
56,Egypt,EGY,Africa,Northern Africa,"Literacy rate, adult total (% of people ages 15 and above)",SE.ADT.LITR.ZS,,,,,,,,,,,,,,,,,38.1967582702637,,,,,,,,,,44.4239883422852,,,,,,,,,,55.5870018005371,,,,,,,,,67.3318710327148,66.3699111938477,,,,72.0478515625,,73.865592956543,72.442497253418,,,,71.1682510375977,,,,73.0899963378906
57,El Salvador,SLV,Americas,Latin America and the Caribbean,"Literacy rate, adult total (% of people ages 15 and above)",SE.ADT.LITR.ZS,,,,,,,,,,,,,,,,,,,,,,,,,,,,,,,,,74.1431579589844,,,,,,,,,,,,,,83.5594635009766,82.0286331176758,83.951301574707,84.1028900146484,84.4927215576172,85.4939880371094,,86.767578125,,87.9698486328125,88.1417694091797,88.4827117919922,89.0085983276367,89.1379165649414,89.9845275878906,
58,Equatorial Guinea,GNQ,Africa,Sub-Saharan Africa,"Literacy rate, adult total (% of people ages 15 and above)",SE.ADT.LITR.ZS,,,,,,,,,,,,,,,,,,,,,,,,,,,,,,,,,,,,,,,,,88.3082962036133,,,,,,,,,,94.3705368041992,,,,,,,,,,,
59,Eritrea,ERI,Africa,Sub-Saharan Africa,"Literacy rate, adult total (% of people ages 15 and above)",SE.ADT.LITR.ZS,,,,,,,,,,,,,,,,,,,,,,,,,,,,,,,,,,,,,,,,,,,52.5139503479004,,,,,,64.662971496582,,,,,,,,,,76.5705184936523,,,
60,Estonia,EST,Europe,Northern Europe,"Literacy rate, adult total (% of people ages 15 and above)",SE.ADT.LITR.ZS,,,,,,,,,,,,,,,,,,,,,,,,,,,,,,99.7264404296875,,,,,,,,,,,99.7671966552734,,,,,,,,,,,99.8857879638672,,,,,,,,,,99.870002746582
61,Eswatini,SWZ,Africa,Sub-Saharan Africa,"Literacy rate, adult total (% of people ages 15 and above)",SE.ADT.LITR.ZS,,,,,,,,,,,,,,,,,55.3250389099121,,,,,,,,,,67.2393798828125,,,,,,,,,,,,,,81.6606979370117,,,,,,,,,,83.0982894897461,,,,,,,,88.4193801879883,,89.2799987792969,
62,Ethiopia,ETH,Africa,Sub-Saharan Africa,"Literacy rate, adult total (% of people ages 15 and above)",SE.ADT.LITR.ZS,,,,,,,,,,,,,,,,,,,,,,,,,,,,,,,,,,,27.0113506317139,,,,,,,,,,35.9000015258789,29.8203392028809,,38.995979309082,,,,,,,,,,51.7711791992188,,,,
63,Faroe Islands,FRO,Europe,Northern Europe,"Literacy rate, adult total (% of people ages 15 and above)",SE.ADT.LITR.ZS,,,,,,,,,,,,,,,,,,,,,,,,,,,,,,,,,,,,,,,,,,,,,,,,,,,,,,,,,,,,,,
64,Fiji,FJI,Oceania,Melanesia,"Literacy rate, adult total (% of people ages 15 and above)",SE.ADT.LITR.ZS,,,,,,,,,,,,,,,,,,,,,,,,,,,,,,,,,,,,,,,,,,,,,,,,,,,,,,,,,,,,,,
65,Finland,FIN,Europe,Northern Europe,"Literacy rate, adult total (% of people ages 15 and above)",SE.ADT.LITR.ZS,,,,,,,,,,,,,,,,,,,,,,,,,,,,,,,,,,,,,,,,,,,,,,,,,,,,,,,,,,,,,,
66,France,FRA,Europe,Western Europe,"Literacy rate, adult total (% of people ages 15 and above)",SE.ADT.LITR.ZS,,,,,,,,,,,,,,,,,,,,,,,,,,,,,,,,,,,,,,,,,,,,,,,,,,,,,,,,,,,,,,
67,French Polynesia,PYF,Oceania,Polynesia,"Literacy rate, adult total (% of people ages 15 and above)",SE.ADT.LITR.ZS,,,,,,,,,,,,,,,,,,,,,,,,,,,,,,,,,,,,,,,,,,,,,,,,,,,,,,,,,,,,,,
68,Gabon,GAB,Africa,Sub-Saharan Africa,"Literacy rate, adult total (% of people ages 15 and above)",SE.ADT.LITR.ZS,,,,,,,,,,,,,,,,,,,,,,,,,,,,,,,,,,72.2336730957031,,,,,,,,,,,,,,,,,,,82.2837982177734,,,,,,84.6671600341797,,,85.4599990844727
69,Gambia,GMB,Africa,Sub-Saharan Africa,"Literacy rate, adult total (% of people ages 15 and above)",SE.ADT.LITR.ZS,,,,,,,,,,,,,,,,,,,,,,,,,,,,,,,,,,,,,,,,,36.8177299499512,,,,,,,,,,,,,41.9500503540039,,50.7779693603516,,,,,,58.060001373291
70,Georgia,GEO,Asia,Western Asia,"Literacy rate, adult total (% of people ages 15 and above)",SE.ADT.LITR.ZS,,,,,,,,,,,,,,,,,,,,,,,,,,,,,,,,,,,,,,,,,,,99.6523513793945,,,,,,,,,,,,99.5861892700195,,,99.3642578125,,99.5584411621094,,
71,Germany,DEU,Europe,Western Europe,"Literacy rate, adult total (% of people ages 15 and above)",SE.ADT.LITR.ZS,,,,,,,,,,,,,,,,,,,,,,,,,,,,,,,,,,,,,,,,,,,,,,,,,,,,,,,,,,,,,,
72,Ghana,GHA,Africa,Sub-Saharan Africa,"Literacy rate, adult total (% of people ages 15 and above)",SE.ADT.LITR.ZS,,,,,,,,,,,,,,,,,,,,,,,,,,,,,,,,,,,,,,,,,57.8974685668945,,,,,,,,,,71.4970703125,,,,,,,,79.0396423339844,,80.379997253418,
73,Gibraltar,GIB,Europe,Southern Europe,"Literacy rate, adult total (% of people ages 15 and above)",SE.ADT.LITR.ZS,,,,,,,,,,,,,,,,,,,,,,,,,,,,,,,,,,,,,,,,,,,,,,,,,,,,,,,,,,,,,,
74,Greece,GRC,Europe,Southern Europe,"Literacy rate, adult total (% of people ages 15 and above)",SE.ADT.LITR.ZS,,,,,,,,,,,,,,,,,,,,,,90.512321472168,,,,,,,,,,92.6104507446289,,,,,,,,,,95.9943618774414,,,,93.0443115234375,,93.9315490722656,,93.9051132202148,,97.3687362670898,,,,,,,97.9359512329102,,,
75,Greenland,GRL,Americas,Northern America,"Literacy rate, adult total (% of people ages 15 and above)",SE.ADT.LITR.ZS,,,,,,,,,,,,,,,,,,,,,,,,,,,,,,,,,,,,,,,,,,,,,,,,,,,,,,,,,,,,,,
76,Grenada,GRD,Americas,Latin America and the Caribbean,"Literacy rate, adult total (% of people ages 15 and above)",SE.ADT.LITR.ZS,,,,,,,,,,,97.7944717407227,,,,,,,,,,98.4000015258789,,,,98.5999984741211,,,,,,,,,,98.5999984741211,,,,,,,,,,98.5999984741211,,,,,,,,,,98.5999984741211,,,,,,,
77,Guam,GUM,Oceania,Micronesia,"Literacy rate, adult total (% of people ages 15 and above)",SE.ADT.LITR.ZS,,,,,,,,,,,,,,,,,,,,,96.4206466674805,,,,,,,,,,99.3691482543945,,,,,,,,,,99.5599975585938,,,,,,,,,,,,,,,,,,,,,
78,Guatemala,GTM,Americas,Latin America and the Caribbean,"Literacy rate, adult total (% of people ages 15 and above)",SE.ADT.LITR.ZS,,,,,,,,,,,,,,,,,,,,,,,,,,,,,,,,,,,64.2116394042969,,,,,,,,69.1017303466797,,,,,,,,,,78.2648620605469,77.0386734008789,81.2858963012695,,,,80.810676574707,,,83.3499984741211
79,Guinea,GIN,Africa,Sub-Saharan Africa,"Literacy rate, adult total (% of people ages 15 and above)",SE.ADT.LITR.ZS,,,,,,,,,,,,,,,,,,,,,,,,,,,,,,,,,,,,,20.5537490844727,,,,,,,29.7040195465088,,,,,,,25.3077392578125,,,,32.0038414001465,,,,39.6176795959473,,,45.3300018310547
80,Guinea-Bissau,GNB,Africa,Sub-Saharan Africa,"Literacy rate, adult total (% of people ages 15 and above)",SE.ADT.LITR.ZS,,,,,,,,,,,,,,,,,,,,19.9582500457764,,,,,,,,,,,,,,,,,,,,,41.3577690124512,,,,,,,,,,,,,,45.5811614990234,,,,,,,52.8899993896484
81,Guyana,GUY,Americas,Latin America and the Caribbean,"Literacy rate, adult total (% of people ages 15 and above)",SE.ADT.LITR.ZS,,,,,,,,,,,,,,,,,,,,,,,,,,,,,,,,,,,,,,,,,,,,,,,,,,84.994010925293,,,,,85.6397323608398,,,,,,,88.8499984741211
82,Haiti,HTI,Americas,Latin America and the Caribbean,"Literacy rate, adult total (% of people ages 15 and above)",SE.ADT.LITR.ZS,,,,,,,,,,,,,,,,,,,,,,,34.734691619873,,,,,,,,,,,,,,,,,,,,,58.7439002990723,,,48.6850204467773,,,,,,,,,,61.691349029541,,,,,
83,Honduras,HND,Americas,Latin America and the Caribbean,"Literacy rate, adult total (% of people ages 15 and above)",SE.ADT.LITR.ZS,,,,,,,,,,,,,,,,,,,,,,,,,,,,,,,,,,,,,,,,,,80.0110321044922,,,,,,83.5889892578125,,,84.7553634643555,85.1232986450195,85.3555526733398,85.4644165039063,87.1975326538086,87.9068298339844,88.9874801635742,,87.2052383422852,88.5074310302734,,
84,Hong Kong,HKG,Asia,Eastern Asia,"Literacy rate, adult total (% of people ages 15 and above)",SE.ADT.LITR.ZS,,,,,,,,,,,,,,,,,,,,,,,,,,,,,,,,,,,,,,,,,,,,,,,,,,,,,,,,,,,,,,
85,Hungary,HUN,Europe,Eastern Europe,"Literacy rate, adult total (% of people ages 15 and above)",SE.ADT.LITR.ZS,,,,,,,,,,,,,,,,,,,,,98.8582916259766,,,,,,,,,,99.0999984741211,,,,,,,,,,,,,,,,,,,,,,,,99.0999984741211,,,,,,,99.0999984741211
86,Iceland,ISL,Europe,Northern Europe,"Literacy rate, adult total (% of people ages 15 and above)",SE.ADT.LITR.ZS,,,,,,,,,,,,,,,,,,,,,,,,,,,,,,,,,,,,,,,,,,,,,,,,,,,,,,,,,,,,,,
87,India,IND,Asia,Southern Asia,"Literacy rate, adult total (% of people ages 15 and above)",SE.ADT.LITR.ZS,,,,,,,,,,,,,,,,,,,,,,40.7635917663574,,,,,,,,,,48.2220687866211,,,,,,,,,,61.0145606994629,,,,,62.7544708251953,,,,,69.3025588989258,,,,,,,74.3729934692383,,,
88,Indonesia,IDN,Asia,South-eastern Asia,"Literacy rate, adult total (% of people ages 15 and above)",SE.ADT.LITR.ZS,,,,,,,,,,,,,,,,,,,,,67.3126678466797,,,,,,,,,,81.5198516845703,,,,,,,,,,,,,,90.3847885131836,,91.9822692871094,,92.1922988891602,92.5817031860352,,92.8119125366211,,,95.1162185668945,95.2179336547852,95.3769683837891,,95.658561706543,,95.9990081787109,
89,Iran (Islamic Republic of),IRN,Asia,Southern Asia,"Literacy rate, adult total (% of people ages 15 and above)",SE.ADT.LITR.ZS,,,,,,,,,,,,,,,,,36.5183982849121,,,,,,,,,,52.3197593688965,,,,,65.5314025878906,,,,,73.0602493286133,,,,,,77.0,,,82.4412002563477,82.3313217163086,,82.9623031616211,,,,83.6259918212891,84.6268005371094,84.7052383422852,,85.5442504882813,,,,,88.7399978637695
90,Iraq,IRQ,Asia,Western Asia,"Literacy rate, adult total (% of people ages 15 and above)",SE.ADT.LITR.ZS,,,,,,,,,,,,,,,,,,,,,,,,,,,,,,,,,,,,,,,,,74.0522003173828,,,,,,,,,,,,77.1999969482422,72.6999969482422,82.1999969482422,,83.3000030517578,85.5999984741211,,,,
91,Ireland,IRL,Europe,Northern Europe,"Literacy rate, adult total (% of people ages 15 and above)",SE.ADT.LITR.ZS,,,,,,,,,,,,,,,,,,,,,,,,,,,,,,,,,,,,,,,,,,,,,,,,,,,,,,,,,,,,,,
92,Isle of Man,IMN,Europe,Northern Europe,"Literacy rate, adult total (% of people ages 15 and above)",SE.ADT.LITR.ZS,,,,,,,,,,,,,,,,,,,,,,,,,,,,,,,,,,,,,,,,,,,,,,,,,,,,,,,,,,,,,,
93,Israel,ISR,Asia,Western Asia,"Literacy rate, adult total (% of people ages 15 and above)",SE.ADT.LITR.ZS,,,,,,,,,,,,,,,,,,,,,,,,91.7514114379883,,,,,,,,,,,,,,,,,,,,,,,,,,,,,,,,,,,,,,
94,Italy,ITA,Europe,Southern Europe,"Literacy rate, adult total (% of people ages 15 and above)",SE.ADT.LITR.ZS,,,,,,,,,,,,,,,,,,,,,,96.4605407714844,,,,,,,,,,,,,,,,,,,,98.416618347168,,,,,,,,,,98.8482818603516,,,,,,,99.15576171875,99.3490982055664,,
95,Jamaica,JAM,Americas,Latin America and the Caribbean,"Literacy rate, adult total (% of people ages 15 and above)",SE.ADT.LITR.ZS,,,,,,,,,,,,,,,,,,,,,,,,,,,,,,,,,,,,,,,,79.9201202392578,,,,,,,,,,,,,,,88.0999984741211,,,,,,,
96,Japan,JPN,Asia,Eastern Asia,"Literacy rate, adult total (% of people ages 15 and above)",SE.ADT.LITR.ZS,,,,,,,,,,,,,,,,,,,,,,,,,,,,,,,,,,,,,,,,,,,,,,,,,,,,,,,,,,,,,,
97,Jordan,JOR,Asia,Western Asia,"Literacy rate, adult total (% of people ages 15 and above)",SE.ADT.LITR.ZS,,,,,,,,,,,,,,,,,,,,66.7968063354492,,,,,,,,,,,,,,,,,,,,,,,,89.8923187255859,,91.1307525634766,,92.199577331543,,,92.5510406494141,95.9044494628906,97.8903198242188,,,,,,98.2271118164063,,,98.4199981689453
98,Kazakhstan,KAZ,Asia,Central Asia,"Literacy rate, adult total (% of people ages 15 and above)",SE.ADT.LITR.ZS,,,,,,,,,,,,,,,,,,,,,,,,,,,,,,97.5293807983398,,,,,,,,,,99.5126571655273,,,,,,,,,,99.7324066162109,99.7816314697266,,,,,,,,99.7816314697266,,99.8000030517578,
99,Kenya,KEN,Africa,Sub-Saharan Africa,"Literacy rate, adult total (% of people ages 15 and above)",SE.ADT.LITR.ZS,,,,,,,,,,,,,,,,,,,,,,,,,,,,,,,,,,,,,,,,,82.2290802001953,,,,,,,72.1570281982422,,,,,,,78.733039855957,,,,81.5349731445313,,,82.620002746582
100,Kiribati,KIR,Oceania,Micronesia,"Literacy rate, adult total (% of people ages 15 and above)",SE.ADT.LITR.ZS,,,,,,,,,,,,,,,,,,,,,,,,,,,,,,,,,,,,,,,,,,,,,,,,,,,,,,,,,,,,,,
101,Korea (Democratic People's Republic of),PRK,Asia,Eastern Asia,"Literacy rate, adult total (% of people ages 15 and above)",SE.ADT.LITR.ZS,,,,,,,,,,,,,,,,,,,,,,,,,,,,,,,,,,,,,,,,,,,,,,,,,99.9981918334961,,,,,,,,,,99.9981918334961,,,
102,"Korea, Republic of",KOR,Asia,Eastern Asia,"Literacy rate, adult total (% of people ages 15 and above)",SE.ADT.LITR.ZS,,,,,,,,,,,,,,,,,,,,,,,,,,,,,,,,,,,,,,,,,,,,,,,,,97.9659423828125,,,,,,,,,,98.8000030517578,,,
103,Kuwait,KWT,Asia,Western Asia,"Literacy rate, adult total (% of people ages 15 and above)",SE.ADT.LITR.ZS,,,,,,,,,,,,,,,,59.5643882751465,,,,,67.5176620483398,,,,,74.4908676147461,,,,,,,,,,78.3955001831055,,,,,,,,,,93.2744598388672,93.2821197509766,93.664192199707,93.8983001708984,,94.4690093994141,,95.5131683349609,95.585823059082,,95.6854476928711,,96.0359497070313,96.0564727783203,,96.4575424194336,
104,Kyrgyzstan,KGZ,Asia,Central Asia,"Literacy rate, adult total (% of people ages 15 and above)",SE.ADT.LITR.ZS,,,,,,,,,,,,,,,,,,,,,,,,,,,,,,,,,,,,,,,,98.7016067504883,,,,,,,,,,99.2434310913086,,,,,,,,,99.5859985351563,99.5999984741211,,
105,Lao People's Democratic Republic,LAO,Asia,South-eastern Asia,"Literacy rate, adult total (% of people ages 15 and above)",SE.ADT.LITR.ZS,,,,,,,,,,,,,,,,,,,,,,,,,,,,,,,,,,,,60.2513313293457,,,,,69.583122253418,68.7343902587891,,,,72.702262878418,,,,,,58.2879409790039,,,,84.6610412597656,,,,,,87.0699996948242
106,Latvia,LVA,Europe,Northern Europe,"Literacy rate, adult total (% of people ages 15 and above)",SE.ADT.LITR.ZS,,,,,,,,,,,,,,,,,,,,,,,,,,,,,,99.4523010253906,,,,,,,,,,,99.7465667724609,,,,,,,,,,,99.8958969116211,,,,,,,99.8893127441406,,,99.8899993896484
107,Lebanon,LBN,Asia,Western Asia,"Literacy rate, adult total (% of people ages 15 and above)",SE.ADT.LITR.ZS,,,,,,,,,,,,,,,,,,,,,,,,,,,,,,,,,,,,,,,,,,,,,,,,89.6124420166016,,91.1841888427734,,,,,,,,,95.0694427490234,95.3000030517578,,
108,Lesotho,LSO,Africa,Sub-Saharan Africa,"Literacy rate, adult total (% of people ages 15 and above)",SE.ADT.LITR.ZS,,,,,,,,,,,,,,,,,,,,,,,,,,,,,,,,,,,,,,,,,86.2544326782227,,,,,,,,,75.8002014160156,,,,,76.6352005004883,,,,,,,81.0199966430664
109,Liberia,LBR,Africa,Sub-Saharan Africa,"Literacy rate, adult total (% of people ages 15 and above)",SE.ADT.LITR.ZS,,,,,,,,,,,,,,,,,,,,,,,,,32.1067695617676,,,,,,,,,,,,,,,,,,,,,,,42.9410781860352,,,,,,,,,,48.3013610839844,,,,
110,Libya,LBY,Africa,Northern Africa,"Literacy rate, adult total (% of people ages 15 and above)",SE.ADT.LITR.ZS,,,,,,,,,,,,,,,,,,,,,,,,,60.1643905639648,,,,,,,,,,76.5,,,,,,,,,,86.0999984741211,,,,,,,,,,,,,,,,,
111,Liechtenstein,LIE,Europe,Western Europe,"Literacy rate, adult total (% of people ages 15 and above)",SE.ADT.LITR.ZS,,,,,,,,,,,,,,,,,,,,,,,,,,,,,,,,,,,,,,,,,,,,,,,,,,,,,,,,,,,,,,
112,Lithuania,LTU,Europe,Northern Europe,"Literacy rate, adult total (% of people ages 15 and above)",SE.ADT.LITR.ZS,,,,,,,,,,,,,,,,,,,,,,,,,,,,,,98.4412689208984,,,,,,,,,,,,99.645751953125,,,,,,,,,,99.8155975341797,,,,,,,,,,99.8300018310547
113,Luxembourg,LUX,Europe,Western Europe,"Literacy rate, adult total (% of people ages 15 and above)",SE.ADT.LITR.ZS,,,,,,,,,,,,,,,,,,,,,,,,,,,,,,,,,,,,,,,,,,,,,,,,,,,,,,,,,,,,,,
114,Macao,MAC,Asia,Eastern Asia,"Literacy rate, adult total (% of people ages 15 and above)",SE.ADT.LITR.ZS,,,,,,,,,,,,,,,,,,,,,,90.3781814575195,,,,,,,,,,,,,,,,,,,,91.2953720092773,,,,,93.4997482299805,,,,,95.6400375366211,,,,,96.5384902954102,,,,,97.1100006103516
115,Madagascar,MDG,Africa,Sub-Saharan Africa,"Literacy rate, adult total (% of people ages 15 and above)",SE.ADT.LITR.ZS,,,,,,,,,,,,,,,,,,,,,,,,,,,,,,,,,,,,,,,,,70.6861724853516,,,,,58.9359397888184,,,,64.4809112548828,,,71.5726165771484,,,,,,76.6796798706055,,,77.25
116,Malawi,MWI,Africa,Sub-Saharan Africa,"Literacy rate, adult total (% of people ages 15 and above)",SE.ADT.LITR.ZS,,,,,,,,,,,,,,,,,,,,,,,,,,,,48.5366516113281,,,,,,,,,,,64.1342468261719,,,,,,,,,,,,61.3097190856934,,,,65.1453704833984,62.1435394287109,,,,,,67.3099975585938
117,Malaysia,MYS,Asia,South-eastern Asia,"Literacy rate, adult total (% of people ages 15 and above)",SE.ADT.LITR.ZS,,,,,,,,,,,,,,,,,,,,,69.5163269042969,,,,,,,,,,,82.9153671264648,,,,,,,,,88.6877593994141,,,,,,,,,,93.1178894042969,,,,,,94.8805770874023,95.082649230957,94.8544082641602,94.9711303710938,,
118,Maldives,MDV,Asia,Southern Asia,"Literacy rate, adult total (% of people ages 15 and above)",SE.ADT.LITR.ZS,,,,,,,,,,,,,,,,,,82.2999572753906,,,,,,,,92.2300491333008,,,,,96.0182571411133,,,,,96.3264999389648,,,,,96.3264999389648,,,,,,98.3979034423828,,,,,,,,98.6101226806641,,97.7349472045898,,,,,97.8600006103516
119,Mali,MLI,Africa,Sub-Saharan Africa,"Literacy rate, adult total (% of people ages 15 and above)",SE.ADT.LITR.ZS,,,,,,,,,,,,,,,,,9.43381023406982,,,,,,,,,,,,,,,,,,,,,,19.0449695587158,,,,,24.0,,,26.176549911499,,,,31.0997505187988,30.6186695098877,,,,33.0688896179199,,,35.4737701416016,,30.7614097595215,
120,Malta,MLT,Europe,Southern Europe,"Literacy rate, adult total (% of people ages 15 and above)",SE.ADT.LITR.ZS,,,,,,,,,,,,,,,,,,,,,,,,,,86.9298400878906,,,,,,,,,,87.8686981201172,,,,,,,,,,92.3630905151367,,,,,,93.3073577880859,,,,,,,94.5031890869141,,,94.9400024414063
121,Marshall Islands,MHL,Oceania,Micronesia,"Literacy rate, adult total (% of people ages 15 and above)",SE.ADT.LITR.ZS,,,,,,,,,,,,,,,,,,,,,,,,,,,,,,,,,,,,,,,,,,,,,,,,,,,,98.2650833129883,,,,,,,,,,
122,Mauritania,MRT,Africa,Sub-Saharan Africa,"Literacy rate, adult total (% of people ages 15 and above)",SE.ADT.LITR.ZS,,,,,,,,,,,,,,,,,,,,,,,,,,,,,,,,,,,,,,,,,51.2076797485352,,,,,,,45.5037803649902,,,,,,62.0687484741211,,,,53.4975891113281,,,,66.9599990844727
123,Mauritius,MUS,Africa,Sub-Saharan Africa,"Literacy rate, adult total (% of people ages 15 and above)",SE.ADT.LITR.ZS,,,,,,,,,,,,,,,,,,,,,,,,,,,,,,,79.8686599731445,,,,,,,,,,84.303092956543,,,,,,,,,,,89.2498397827148,91.7660064697266,91.4900283813477,92.4747619628906,92.7076034545898,93.1578369140625,,,,,92.1500015258789
124,Mexico,MEX,Americas,Latin America and the Caribbean,"Literacy rate, adult total (% of people ages 15 and above)",SE.ADT.LITR.ZS,,,,,,,,,,,,,,,,,,,,,82.9892425537109,,,,,,,,,,87.55615234375,,,,,,,,,,90.5356216430664,,90.2746505737305,,90.953742980957,91.6302719116211,91.7345199584961,92.7951736450195,92.9255981445313,93.4418792724609,93.0689392089844,93.5199813842773,94.228401184082,93.9628524780273,94.5558776855469,94.472282409668,94.859619140625,94.9727783203125,95.3799133300781,,95.2478485107422,
125,Micronesia (Federated States of),FSM,Oceania,Micronesia,"Literacy rate, adult total (% of people ages 15 and above)",SE.ADT.LITR.ZS,,,,,,,,,,,,,,,,,,,,,,,,,,,,,,,,,,,,,,,,,,,,,,,,,,,,,,,,,,,,,,
126,"Moldova, Republic of",MDA,Europe,Eastern Europe,"Literacy rate, adult total (% of people ages 15 and above)",SE.ADT.LITR.ZS,,,,,,,,,,,,,,,,,,,,,,,,,,,,,,96.3775482177734,,,,,,,,,,,96.6538009643555,,,,,,,,,,,,,,99.3598937988281,,,,,,,99.5999984741211
127,Monaco,MCO,Europe,Western Europe,"Literacy rate, adult total (% of people ages 15 and above)",SE.ADT.LITR.ZS,,,,,,,,,,,,,,,,,,,,,,,,,,,,,,,,,,,,,,,,,,,,,,,,,,,,,,,,,,,,,,
128,Mongolia,MNG,Asia,Eastern Asia,"Literacy rate, adult total (% of people ages 15 and above)",SE.ADT.LITR.ZS,,,,,,,,,,,,,,,,,,,,,,,,,,,,,,,,,,,,,,,,,97.7688522338867,,,,,,,,,,98.2570037841797,,,,,,,,,,99.1832733154297,
129,Montenegro,MNE,Europe,Southern Europe,"Literacy rate, adult total (% of people ages 15 and above)",SE.ADT.LITR.ZS,,,,,,,,,,,,,,,,,,,,,,89.6352996826172,,,,,,,,,,93.4627380371094,,,,,,,,,,,,97.7734603881836,,,,,,,,98.4422073364258,,,,,,,98.8471832275391,,,98.9800033569336
130,Morocco,MAR,Africa,Northern Africa,"Literacy rate, adult total (% of people ages 15 and above)",SE.ADT.LITR.ZS,,,,,,,,,,,,,,,,,,,,,,,30.2577991485596,,,,,,,,,,,,41.594108581543,,,,,,,,,,52.3062591552734,,,,55.1479187011719,56.0836715698242,,67.0841598510742,69.4253921508789,,75.5861968994141,,,,73.7500076293945,,,75.9300003051758
131,Mozambique,MOZ,Africa,Sub-Saharan Africa,"Literacy rate, adult total (% of people ages 15 and above)",SE.ADT.LITR.ZS,,,,,,,,,,,,,,,,,,,,,26.997709274292,,,,,,,,,,,,,,,,,38.707878112793,,,,,,48.1588401794434,,,,,,50.5838088989258,,,,,,56.0390014648438,,60.6554298400879,,,,63.4199981689453
132,Myanmar,MMR,Asia,South-eastern Asia,"Literacy rate, adult total (% of people ages 15 and above)",SE.ADT.LITR.ZS,,,,,,,,,,,,,,,,,,,,,,,,78.5704116821289,,,,,,,,,,,,,,,,,89.9417572021484,,,,,,,,,,,,,,,,75.5512008666992,,,89.0699462890625,,
133,Namibia,NAM,Africa,Sub-Saharan Africa,"Literacy rate, adult total (% of people ages 15 and above)",SE.ADT.LITR.ZS,,,,,,,,,,,,,,,,,,,,,,,,,,,,,,,,75.8165817260742,,,,,,,,,,84.9442596435547,,,,,,76.4865875244141,,,,88.2746276855469,,,,,,,91.5272674560547,,,92.25
134,Nauru,NRU,Oceania,Micronesia,"Literacy rate, adult total (% of people ages 15 and above)",SE.ADT.LITR.ZS,,,,,,,,,,,,,,,,,,,,,,,,,,,,,,,,,,,,,,,,,,,,,,,,,,,,,,,,,,,,,,
135,Nepal,NPL,Asia,Southern Asia,"Literacy rate, adult total (% of people ages 15 and above)",SE.ADT.LITR.ZS,,,,,,,,,,,,,,,,,,,,,,20.5736694335938,,,,,,,,,,32.9755897521973,,,,,,,,,,48.6089706420898,,,,,,,,,,59.6272506713867,,,,,,,67.9084320068359,,,71.1500015258789
136,Netherlands,NLD,Europe,Western Europe,"Literacy rate, adult total (% of people ages 15 and above)",SE.ADT.LITR.ZS,,,,,,,,,,,,,,,,,,,,,,,,,,,,,,,,,,,,,,,,,,,,,,,,,,,,,,,,,,,,,,
137,New Caledonia,NCL,Oceania,Melanesia,"Literacy rate, adult total (% of people ages 15 and above)",SE.ADT.LITR.ZS,,,,,,,,,,,,,,,,,91.3003692626953,,,,,,,,,,,,,93.0806274414063,,,,,,,96.1379165649414,,,,,,,,,,97.3000030517578,,,,,,,,97.8000030517578,,,,,,,
138,New Zealand,NZL,Oceania,Australia and New Zealand,"Literacy rate, adult total (% of people ages 15 and above)",SE.ADT.LITR.ZS,,,,,,,,,,,,,,,,,,,,,,,,,,,,,,,,,,,,,,,,,,,,,,,,,,,,,,,,,,,,,,
139,Nicaragua,NIC,Americas,Latin America and the Caribbean,"Literacy rate, adult total (% of people ages 15 and above)",SE.ADT.LITR.ZS,,,,,,,,,,,,,,,,,,,,,,,,,,,,,,,,,,,,,,,,,,76.677131652832,,,,78.0029830932617,,,,,,,,,,82.6145477294922,,,,,,
140,Niger,NER,Africa,Sub-Saharan Africa,"Literacy rate, adult total (% of people ages 15 and above)",SE.ADT.LITR.ZS,,,,,,,,,,,,,,,,,,,,,,,,,,,,,,,,,,,,,,,,,,14.3760404586792,,,,28.672420501709,,,,,,,30.5603904724121,,,,,,35.0499992370605,,,37.3400001525879
141,Nigeria,NGA,Africa,Sub-Saharan Africa,"Literacy rate, adult total (% of people ages 15 and above)",SE.ADT.LITR.ZS,,,,,,,,,,,,,,,,,,,,,,,,,,,,,,,,55.4467506408691,,,,,,,,,,,,54.7731781005859,,,70.1983489990234,,51.0776596069336,,,,,,,,,,62.0160102844238,,,
142,North Macedonia,MKD,Europe,Southern Europe,"Literacy rate, adult total (% of people ages 15 and above)",SE.ADT.LITR.ZS,,,,,,,,,,,,,,,,,,,,,,,,,,,,,,,,,,,94.0587463378906,,,,,,,,96.1289291381836,,,,,,,,,,97.5999984741211,,97.8000030517578,,,,,,,
143,Northern Mariana Islands,MNP,Oceania,Micronesia,"Literacy rate, adult total (% of people ages 15 and above)",SE.ADT.LITR.ZS,,,,,,,,,,,,,,,,,,,,,,,,,,,,,,,,,,,,,,,,,,,,,,,,,,,,,,,,,,,,,,
144,Norway,NOR,Europe,Northern Europe,"Literacy rate, adult total (% of people ages 15 and above)",SE.ADT.LITR.ZS,,,,,,,,,,,,,,,,,,,,,,,,,,,,,,,,,,,,,,,,,,,,,,,,,,,,,,,,,,,,,,
145,Oman,OMN,Asia,Western Asia,"Literacy rate, adult total (% of people ages 15 and above)",SE.ADT.LITR.ZS,,,,,,,,,,,,,,,,,,,,,,,,,,,,,,,,,,,,,,,,,,,,81.3633117675781,,,,,86.6211395263672,,86.9390029907227,,,,91.981201171875,93.0386123657227,94.8999862670898,95.5759963989258,95.6515274047852,,,
146,Pakistan,PAK,Asia,Southern Asia,"Literacy rate, adult total (% of people ages 15 and above)",SE.ADT.LITR.ZS,,,,,,,,,,,,,,,,,,,,,,25.7251892089844,,,,,,,,,,,,,,,,,42.6993103027344,,,,,,,49.8736381530762,54.1512107849121,52.1368293762207,55.5263710021973,54.8926391601563,55.3751907348633,54.7380218505859,56.7643394470215,55.5949897766113,56.9771499633789,,,59.1320495605469,57.010570526123,57.9988594055176,,
147,Palau,PLW,Oceania,Micronesia,"Literacy rate, adult total (% of people ages 15 and above)",SE.ADT.LITR.ZS,,,,,,,,,,,,,,,,,,,,,91.9214172363281,,,,,,,,,,,,,,,,,,,,,,,,,,,,,,,,,99.5031280517578,,96.5937423706055,,,,,,
148,"Palestine, State of",PSE,Asia,Western Asia,"Literacy rate, adult total (% of people ages 15 and above)",SE.ADT.LITR.ZS,,,,,,,,,,,,,,,,,,,,,,,,,,,,,,,,,,,,,,86.0769577026367,,,,,,,92.4775085449219,,93.4508666992188,93.7617034912109,94.0098419189453,94.4301834106445,94.7174835205078,95.0258178710938,95.671012878418,96.046028137207,96.2129287719727,96.4771194458008,96.7191925048828,96.9244003295898,97.2186126708984,97.3782577514648,97.5144577026367,
149,Panama,PAN,Americas,Latin America and the Caribbean,"Literacy rate, adult total (% of people ages 15 and above)",SE.ADT.LITR.ZS,,,,,,,,,,,,,,,,,,,,,88.0717391967773,,,,,,,,,,88.7798614501953,,,,,,,,,,91.8996200561523,,,,,,,,,,94.0941162109375,,,,,,,,95.4118118286133,95.7360763549805,,
150,Papua New Guinea,PNG,Oceania,Melanesia,"Literacy rate, adult total (% of people ages 15 and above)",SE.ADT.LITR.ZS,,,,,,,,,,,,,,,,,,,,,,,,,,,,,,,,,,,,,,,,,57.34326171875,,,,,,,,,,61.5999984741211,,,,,,,,,,,
151,Paraguay,PRY,Americas,Latin America and the Caribbean,"Literacy rate, adult total (% of people ages 15 and above)",SE.ADT.LITR.ZS,,,,,,,,,,,,,,,,,,,,,,,78.458610534668,,,,,,,,,,90.2718200683594,,,,,,,,,,,,,,,94.558219909668,93.2920837402344,93.7542419433594,93.8709182739258,,94.1974716186523,95.0590362548828,95.0348129272461,95.5548400878906,94.6502380371094,,94.0207977294922,93.2135314941406,94.544548034668,
152,Peru,PER,Americas,Latin America and the Caribbean,"Literacy rate, adult total (% of people ages 15 and above)",SE.ADT.LITR.ZS,,,,,,,,,,,,,,,,,,,,,,81.91845703125,,,,,,,,,,,,87.1506271362305,,,,,,,,,,,87.6698532104492,87.9086685180664,88.6993408203125,89.5908126831055,,,,,93.8417282104492,,93.7079467773438,94.1623382568359,94.1736679077148,94.1496124267578,94.4082717895508,,94.497932434082,
153,Philippines,PHL,Asia,South-eastern Asia,"Literacy rate, adult total (% of people ages 15 and above)",SE.ADT.LITR.ZS,,,,,,,,,,,,,,,,,,,,,83.3172302246094,,,,,,,,,,93.5738983154297,,,,93.9159698486328,,,,,,92.6000595092773,,,92.590690612793,,,,,95.4200973510742,,,,,96.3980026245117,,98.1825485229492,,,,96.2781677246094,,
154,Poland,POL,Europe,Eastern Europe,"Literacy rate, adult total (% of people ages 15 and above)",SE.ADT.LITR.ZS,,,,,,,,,,,,,,,,,,,98.7427368164063,,,,,,,,,,98.7427368164063,,,,,,,,,,98.7427368164063,,,,,,,,,,98.7427368164063,,,,,,,,,,,,,99.8000030517578
155,Portugal,PRT,Europe,Southern Europe,"Literacy rate, adult total (% of people ages 15 and above)",SE.ADT.LITR.ZS,,,,,,,,,,,,,,,,,,,,,,79.4356079101563,,,,,,,,,,87.9478530883789,,,,,,,,,,,,,,,,,,,,94.47705078125,,,,,,,96.1375885009766,,,96.7799987792969
156,Puerto Rico,PRI,Americas,Latin America and the Caribbean,"Literacy rate, adult total (% of people ages 15 and above)",SE.ADT.LITR.ZS,,,,,,,,,,,,,,,,,,,,,86.7460632324219,,,,,,,,,,89.6224975585938,,,,,,,,,,,,,,,,,,,,91.9652328491211,,,,,,,92.3899993896484,,,,92.4000015258789
157,Qatar,QAT,Asia,Western Asia,"Literacy rate, adult total (% of people ages 15 and above)",SE.ADT.LITR.ZS,,,,,,,,,,,,,,,,,,,,,,,,,,,75.6350402832031,,,,,,,,,,,83.2621612548828,,,,,,,86.7316131591797,,,90.0606231689453,91.0107574462891,91.1514205932617,91.7788467407227,91.3640823364258,90.1700592041016,90.6329879760742,91.3272171020508,,93.1453018188477,93.4639663696289,,,,
158,Romania,ROU,Europe,Eastern Europe,"Literacy rate, adult total (% of people ages 15 and above)",SE.ADT.LITR.ZS,,,,,,,,,,,,,,,,,,,,,,,,,,,,,,,,,96.7099761962891,,,,,,,,,,97.2975921630859,,,,,,,,,98.6042861938477,,,,,,,98.8444976806641,,,98.9000015258789
159,Russian Federation,RUS,Europe,Eastern Europe,"Literacy rate, adult total (% of people ages 15 and above)",SE.ADT.LITR.ZS,,,,,,,,,,,,,,,,,,,,,,,,,,,,,,97.9860534667969,,,,,,,,,,,,,99.4409713745117,,,,,,,,99.6842727661133,,,,,,,,99.7300567626953,,99.6999969482422,
160,Rwanda,RWA,Africa,Sub-Saharan Africa,"Literacy rate, adult total (% of people ages 15 and above)",SE.ADT.LITR.ZS,,,,,,,,,,,,,,,,,,,38.2434310913086,,,,,,,,,,,,,57.8534889221191,,,,,,,,,64.8886032104492,,,,,,,,,,65.8522720336914,,68.3310317993164,,70.8041305541992,,,,73.2155914306641,,,75.9000015258789
161,Saint Kitts and Nevis,KNA,Americas,Latin America and the Caribbean,"Literacy rate, adult total (% of people ages 15 and above)",SE.ADT.LITR.ZS,,,,,,,,,,,,,,,,,,,,,,,,,,,,,,,,,,,,,,,,,,,,,,,,,,,,,,,,,,,,,,
162,Saint Lucia,LCA,Americas,Latin America and the Caribbean,"Literacy rate, adult total (% of people ages 15 and above)",SE.ADT.LITR.ZS,,,,,,,,,,,,,,,,,,,,,,,,,,,,,,,,,,,,,,,,,,,,,,,,,,,,,,,,,,,,,,
163,Saint Martin (French part),MAF,Americas,Latin America and the Caribbean,"Literacy rate, adult total (% of people ages 15 and above)",SE.ADT.LITR.ZS,,,,,,,,,,,,,,,,,,,,,,,,,,,,,,,,,,,,,,,,,,,,,,,,,,,,,,,,,,,,,,
164,Saint Vincent and the Grenadines,VCT,Americas,Latin America and the Caribbean,"Literacy rate, adult total (% of people ages 15 and above)",SE.ADT.LITR.ZS,,,,,,,,,,,95.6321563720703,,,,,,,,,,96.9000015258789,,,,,,,,,,,,,,,,,,,,,,,,,,,,,,,,,,,,,,,,,
165,Samoa,WSM,Oceania,Polynesia,"Literacy rate, adult total (% of people ages 15 and above)",SE.ADT.LITR.ZS,,,,,,,,,,,,,,,,,,,,,,,,,,,,,,,,97.9443283081055,,,,,,,,,,,,,,,,,,,,98.973258972168,,,,,,,99.0957717895508,,,99.0999984741211
166,San Marino,SMR,Europe,Southern Europe,"Literacy rate, adult total (% of people ages 15 and above)",SE.ADT.LITR.ZS,,,,,,,,,,,,,,,,,,,,,,,,,,,,,,,,,,,,,,,,,,,,,,,,,,,,,,,,,,,,,,
167,Sao Tome and Principe,STP,Africa,Sub-Saharan Africa,"Literacy rate, adult total (% of people ages 15 and above)",SE.ADT.LITR.ZS,,,,,,,,,,,,,,,,,,,,,,57.3242607116699,,,,,,,,,,73.2424163818359,,,,,,,,,,84.9085083007813,,,,,,,69.5363922119141,,,,90.1430969238281,,,,,,92.8166427612305,,,93.8000030517578
168,Saudi Arabia,SAU,Asia,Western Asia,"Literacy rate, adult total (% of people ages 15 and above)",SE.ADT.LITR.ZS,,,,,,,,,,,,,,,,,,,,,,,,,,,,,,,,,70.821647644043,,,,,,,,79.3509368896484,,,,82.8577423095703,,,,,,,,,94.4263381958008,,,,95.3286285400391,,,97.5850677490234,
169,Senegal,SEN,Africa,Sub-Saharan Africa,"Literacy rate, adult total (% of people ages 15 and above)",SE.ADT.LITR.ZS,,,,,,,,,,,,,,,,,,,,,,,,,,,,,26.8688507080078,,,,,,,,,,,,,,39.2752494812012,,,,41.8911514282227,,,48.0367813110352,,51.8145484924316,,43.5345001220703,,,,51.9004211425781,,,,56.2999992370605
170,Serbia,SRB,Europe,Southern Europe,"Literacy rate, adult total (% of people ages 15 and above)",SE.ADT.LITR.ZS,,,,,,,,,,,,,,,,,,,,,,,,,,,,,,,,,,,,,,,,,,,,96.3972396850586,,,,,,,,97.9624099731445,,,,,98.8415069580078,,,99.4825286865234,,
171,Seychelles,SYC,Africa,Sub-Saharan Africa,"Literacy rate, adult total (% of people ages 15 and above)",SE.ADT.LITR.ZS,,,,,,,,,,,,,,,,,,,,,,,,,,,,84.2292175292969,,,,,,,87.811149597168,,,,,,,,91.8364562988281,,,,,,,,93.954231262207,,,,,,,,95.8677062988281,,96.1999969482422,
172,Sierra Leone,SLE,Africa,Sub-Saharan Africa,"Literacy rate, adult total (% of people ages 15 and above)",SE.ADT.LITR.ZS,,,,,,,,,,,,,,,,,,,,,,,,,,,,,,,,,,,,,,,,,,,,,34.826789855957,,,,,,,,,32.4261703491211,,,,,43.2063293457031,,,47.7000007629395
173,Singapore,SGP,Asia,South-eastern Asia,"Literacy rate, adult total (% of people ages 15 and above)",SE.ADT.LITR.ZS,,,,,,,,,,,,,,,,,,,,,82.9060516357422,,,,,,,,,,89.0960006713867,,,,,,,,,,92.5494003295898,,,,,,,,,,95.8573303222656,96.1860427856445,96.3697891235352,96.5480194091797,96.7166900634766,96.8254928588867,97.049560546875,97.2022171020508,97.344856262207,97.4795837402344,97.1318511962891,
174,Sint Maarten (Dutch part),SXM,Americas,Latin America and the Caribbean,"Literacy rate, adult total (% of people ages 15 and above)",SE.ADT.LITR.ZS,,,,,,,,,,,,,,,,,,,,,,,,,,,,,,,,,,,,,,,,,,,,,,,,,,,,,,,,,,,,,,
175,Slovakia,SVK,Europe,Eastern Europe,"Literacy rate, adult total (% of people ages 15 and above)",SE.ADT.LITR.ZS,,,,,,,,,,,,,,,,,,,,,,,,,,,,,,,,,,,,,,,,,,,,,,,,,,,,,,,,,,,,,,
176,Slovenia,SVN,Europe,Southern Europe,"Literacy rate, adult total (% of people ages 15 and above)",SE.ADT.LITR.ZS,,,,,,,,,,,,,,,,,,,,,,,,,,,,,,,,99.5245208740234,,,,,,,,,,99.5999984741211,,,99.6999969482422,,,,,,,,,,99.6999969482422,,,,,,,
177,Solomon Islands,SLB,Oceania,Melanesia,"Literacy rate, adult total (% of people ages 15 and above)",SE.ADT.LITR.ZS,,,,,,,,,,,,,,,,,,,,,,,,,,,,,,,,,,,,,,,,76.5999984741211,,,,,,,,,,76.5999984741211,,,,,,,,,,,,
178,Somalia,SOM,Africa,Sub-Saharan Africa,"Literacy rate, adult total (% of people ages 15 and above)",SE.ADT.LITR.ZS,,,,,,,,,,,,,5.40465021133423,,,,,,,,,,,,,,,,,,,,,,,,,,,,,,,,,,,,,,,,,,,,,,,,,
179,South Africa,ZAF,Africa,Sub-Saharan Africa,"Literacy rate, adult total (% of people ages 15 and above)",SE.ADT.LITR.ZS,,,,,,,,,,,,,,,,,,,,,76.2004928588867,,,,,,,,,,,,,,,,82.402099609375,,,,,,,,,,,88.7172470092773,,92.8948593139648,92.8773193359375,93.1021423339844,93.7294692993164,,94.1399002075195,94.367919921875,,87.0466690063477,,95.0229721069336,,
180,South Sudan,SSD,Africa,Sub-Saharan Africa,"Literacy rate, adult total (% of people ages 15 and above)",SE.ADT.LITR.ZS,,,,,,,,,,,,,,,,,,,,,,,,,,,,,,,,,,,,,,,,,,,,,,,,,26.8312797546387,,,,,,,,,,34.5227584838867,,,
181,Spain,ESP,Europe,Southern Europe,"Literacy rate, adult total (% of people ages 15 and above)",SE.ADT.LITR.ZS,,,,,,,,,,,,,,,,,,,,,,92.8097686767578,,,,,,,,,,96.4949722290039,,,,,,,,,,,,,97.1651229858398,97.7506866455078,97.7521362304688,97.9388427734375,97.6306076049805,97.6792678833008,97.7489013671875,97.7837524414063,97.8945388793945,98.0791320800781,98.0937194824219,98.1432571411133,98.2505111694336,,98.4365005493164,,98.5944595336914,
182,Sri Lanka,LKA,Asia,Southern Asia,"Literacy rate, adult total (% of people ages 15 and above)",SE.ADT.LITR.ZS,,,,,,,,,,,,,,,,,,,,,,86.7779235839844,,,,,,,,,,,,,,,,,,,,90.682746887207,,,,,90.8088302612305,,90.5579528808594,,91.1813583374023,,,,,,92.3869018554688,91.895751953125,91.7098236083984,92.2529602050781,92.3823013305664,
183,Sudan,SDN,Africa,Northern Africa,"Literacy rate, adult total (% of people ages 15 and above)",SE.ADT.LITR.ZS,,,,,,,,,,,,,,,,,,,,,,,,,,,,,,,,,,,,,,,,,61.3458709716797,,,,,,,,53.5173797607422,,,,,,,,,,60.6971817016602,,,
184,Suriname,SUR,Americas,Latin America and the Caribbean,"Literacy rate, adult total (% of people ages 15 and above)",SE.ADT.LITR.ZS,,,,,,,,,,,,,,,,,,,,,,,,,,,,,,,,,,,,,,,,,,,,,89.5980606079102,,,,94.6209411621094,,94.6757507324219,,92.8686599731445,,,,,,94.3832702636719,,,95.0
185,Sweden,SWE,Europe,Northern Europe,"Literacy rate, adult total (% of people ages 15 and above)",SE.ADT.LITR.ZS,,,,,,,,,,,,,,,,,,,,,,,,,,,,,,,,,,,,,,,,,,,,,,,,,,,,,,,,,,,,,,
186,Switzerland,CHE,Europe,Western Europe,"Literacy rate, adult total (% of people ages 15 and above)",SE.ADT.LITR.ZS,,,,,,,,,,,,,,,,,,,,,,,,,,,,,,,,,,,,,,,,,,,,,,,,,,,,,,,,,,,,,,
187,Syrian Arab Republic,SYR,Asia,Western Asia,"Literacy rate, adult total (% of people ages 15 and above)",SE.ADT.LITR.ZS,,,,,,,,,,,,,,,,,,,,,,55.6544990539551,,,,,,,,,,,,,,,,,,,,,82.8882522583008,,80.8445205688477,,,,,,,,,,86.3000030517578,,,,,,,
188,Tajikistan,TJK,Asia,Central Asia,"Literacy rate, adult total (% of people ages 15 and above)",SE.ADT.LITR.ZS,,,,,,,,,,,,,,,,,,,,,,,,,,,,,,97.6940231323242,,,,,,,,,,,99.45068359375,,,,,,,,,,99.6999969482422,,,,99.8000030517578,,,,,,,
189,"Tanzania, United Republic of",TZA,Africa,Sub-Saharan Africa,"Literacy rate, adult total (% of people ages 15 and above)",SE.ADT.LITR.ZS,,,,,,,,,,,,,,,,,,,,,,,,,,,,,59.1138000488281,,,,,,,,,,,,,,69.4309005737305,,,,,,,,67.8006973266602,,78.1005935668945,,,77.8872299194336,,,,,,81.8000030517578
190,Thailand,THA,Asia,South-eastern Asia,"Literacy rate, adult total (% of people ages 15 and above)",SE.ADT.LITR.ZS,,,,,,,,,,,,,,,,,,,,,87.9817581176758,,,,,,,,,,,,,,,,,,,,92.6465377807617,,,,,93.5064697265625,,,,,96.430908203125,,,93.7020721435547,,92.8683090209961,,,93.7677612304688,,,94.0999984741211
191,Timor-Leste,TLS,Asia,South-eastern Asia,"Literacy rate, adult total (% of people ages 15 and above)",SE.ADT.LITR.ZS,,,,,,,,,,,,,,,,,,,,,,,,,,,,,,,,,,,,,,,,,,37.5999984741211,,,,,,50.5999984741211,,,58.3089790344238,,,,,,,,68.0668334960938,,69.9000015258789,
192,Togo,TGO,Africa,Sub-Saharan Africa,"Literacy rate, adult total (% of people ages 15 and above)",SE.ADT.LITR.ZS,,,,,,,,,,,,,,,,,,,,,,,,,,,,,,,,,,,,,,,,,53.1776008605957,,,,,,56.888370513916,,,57.0933799743652,,60.4099388122559,,,,63.7456207275391,,,,66.5370788574219,,
193,Tonga,TON,Oceania,Polynesia,"Literacy rate, adult total (% of people ages 15 and above)",SE.ADT.LITR.ZS,,,,,,,,,,,,,,,,,99.5924606323242,,,,,,,,,,,,,,,,,,,,98.9053726196289,,,,,,,,,,99.0184631347656,,,,,99.3855285644531,,,,,,,99.4143676757813,,,99.4000015258789
194,Trinidad and Tobago,TTO,Americas,Latin America and the Caribbean,"Literacy rate, adult total (% of people ages 15 and above)",SE.ADT.LITR.ZS,,,,,,,,,,,,,,,,,,,,,94.9703216552734,,,,,,,,,,96.9385528564453,,,,,,,,,,97.9000015258789,,,,,,,,,,98.6999969482422,,,,,,,,,,,
195,Tunisia,TUN,Africa,Northern Africa,"Literacy rate, adult total (% of people ages 15 and above)",SE.ADT.LITR.ZS,,,,,,,,,,,,,,,,,,,,,,,,,48.1907005310059,,,,,,,,,,,,,,,,,,,,74.2969970703125,,,77.1903991699219,77.7146224975586,,79.1305770874023,79.6539077758789,80.21875,,79.0364303588867,,,,,,,82.6999969482422
196,Turkey,TUR,Asia,Western Asia,"Literacy rate, adult total (% of people ages 15 and above)",SE.ADT.LITR.ZS,,,,,,,,,,,,,,,,61.6276817321777,,,,,65.6943435668945,,,,,75.9682388305664,,,,,79.2324523925781,,,,,,,,,,,,,,87.3654937744141,88.2290573120117,88.1193923950195,88.6558990478516,,90.8167190551758,92.6605987548828,94.106086730957,94.9197463989258,95.2566604614258,95.4396286010742,95.6014175415039,96.1673278808594,96.1505279541016,,96.7422103881836,,
197,Turkmenistan,TKM,Asia,Central Asia,"Literacy rate, adult total (% of people ages 15 and above)",SE.ADT.LITR.ZS,,,,,,,,,,,,,,,,,,,,,,,,,,,,,,,,,,,,98.7783203125,,,,,,,,,,99.4000015258789,,,,,,,,,99.6999969482422,,,,,,,
198,Turks and Caicos Islands,TCA,Americas,Latin America and the Caribbean,"Literacy rate, adult total (% of people ages 15 and above)",SE.ADT.LITR.ZS,,,,,,,,,,,,,,,,,,,,,,,,,,,,,,,,,,,,,,,,,,,,,,,,,,,,,,,,,,,,,,
199,Tuvalu,TUV,Oceania,Polynesia,"Literacy rate, adult total (% of people ages 15 and above)",SE.ADT.LITR.ZS,,,,,,,,,,,,,,,,,,,,,,,,,,,,,,,,,,,,,,,,,,,,,,,,,,,,,,,,,,,,,,
200,Uganda,UGA,Africa,Sub-Saharan Africa,"Literacy rate, adult total (% of people ages 15 and above)",SE.ADT.LITR.ZS,,,,,,,,,,,,,,,,,,,,,,,,,,,,,,,,56.1073799133301,,,,,,,,,,,68.1425094604492,,,,71.3731384277344,,,,73.2118835449219,,70.1982192993164,,,,,,76.5274963378906,,,79.0
201,Ukraine,UKR,Europe,Eastern Europe,"Literacy rate, adult total (% of people ages 15 and above)",SE.ADT.LITR.ZS,,,,,,,,,,,,,,,,,,,,,,,,,,,,,,,,,,,,,,,,,,99.4304122924805,,,,,,,,,,,99.9743499755859,,,,,,,,,100.0
202,United Arab Emirates,ARE,Asia,Western Asia,"Literacy rate, adult total (% of people ages 15 and above)",SE.ADT.LITR.ZS,,,,,,,,,,,,,,,,53.5148811340332,,,,,,,,,,71.2352981567383,,,,,,,,,,,,,,,,,,,,90.0338516235352,,,,,,,,,,,,,,95.526481628418,,98.1263580322266
203,United Kingdom of Great Britain and Northern Ireland,GBR,Europe,Northern Europe,"Literacy rate, adult total (% of people ages 15 and above)",SE.ADT.LITR.ZS,,,,,,,,,,,,,,,,,,,,,,,,,,,,,,,,,,,,,,,,,,,,,,,,,,,,,,,,,,,,,,
204,United States of America,USA,Americas,Northern America,"Literacy rate, adult total (% of people ages 15 and above)",SE.ADT.LITR.ZS,,,,,,,,,,,,,,,,,,,,,,,,,,,,,,,,,,,,,,,,,,,,,,,,,,,,,,,,,,,,,,
205,Uruguay,URY,Americas,Latin America and the Caribbean,"Literacy rate, adult total (% of people ages 15 and above)",SE.ADT.LITR.ZS,,,,,,,,,,,,,,,,93.8610687255859,,,,,,,,,,95.3799819946289,,,,,,,,,,,96.7818069458008,,,,,,,,,,97.7896270751953,97.8638916015625,98.1635589599609,98.2672271728516,98.0727081298828,98.3358993530273,98.3959426879883,98.3638687133789,98.4359283447266,98.5238723754883,98.5614700317383,98.61572265625,98.703857421875,98.7703475952148,,
206,Uzbekistan,UZB,Asia,Central Asia,"Literacy rate, adult total (% of people ages 15 and above)",SE.ADT.LITR.ZS,,,,,,,,,,,,,,,,,,,,,,,,,,,,,,,,,,,,,,,,,98.642578125,,,,,,,,,,,,,99.9948577880859,99.9805526733398,99.9838333129883,99.986572265625,,99.9928894042969,99.9999465942383,,
207,Vanuatu,VUT,Oceania,Melanesia,"Literacy rate, adult total (% of people ages 15 and above)",SE.ADT.LITR.ZS,,,,,,,,,,,,,,,,,,,,52.8739204406738,,,,,58.2000007629395,,,,,,,,,,68.6999969482422,,,,,74.0,,,,,78.4000015258789,,,,,,,,,,84.6999969482422,,,,87.5063095092773,,,89.0999984741211
208,Venezuela (Bolivarian Republic of),VEN,Americas,Latin America and the Caribbean,"Literacy rate, adult total (% of people ages 15 and above)",SE.ADT.LITR.ZS,,,,,,,,,,,,,,,,,,,,,,84.7322006225586,,,,,,,,,89.8252487182617,,,,,,,,,,,92.9798278808594,,,,,,95.1546401977539,,95.5119934082031,,94.7702178955078,,,,96.6052169799805,97.1270904541016,,,,,97.5
209,Viet Nam,VNM,Asia,South-eastern Asia,"Literacy rate, adult total (% of people ages 15 and above)",SE.ADT.LITR.ZS,,,,,,,,,,,,,,,,,,,,83.8259429931641,,,,,,,,,,87.5964508056641,,,,,,,,,,90.2782974243164,90.1561279296875,,,,,,,,,93.5204467773438,,,,,,,,,,95.7538681030273,,
210,Virgin Islands (British),VGB,Americas,Latin America and the Caribbean,"Literacy rate, adult total (% of people ages 15 and above)",SE.ADT.LITR.ZS,,,,,,,,,,,,,,,,,,,,,,,,,,,,,,,,,,,,,,,,,,,,,,,,,,,,,,,,,,,,,,
211,Virgin Islands (U.S.),VIR,Americas,Latin America and the Caribbean,"Literacy rate, adult total (% of people ages 15 and above)",SE.ADT.LITR.ZS,,,,,,,,,,,,,,,,,,,,,,,,,,,,,,,,,,,,,,,,,,,,,,,,,,,,,,,,,,,,,,
212,Yemen,YEM,Asia,Western Asia,"Literacy rate, adult total (% of people ages 15 and above)",SE.ADT.LITR.ZS,,,,,,,,,,,,,,,,,,,,,,,,,,,,,,,,,,,37.0900001525879,,,,,,,,,,54.0999984741211,,,,,,,,,,,,,,,,,
213,Zambia,ZMB,Africa,Sub-Saharan Africa,"Literacy rate, adult total (% of people ages 15 and above)",SE.ADT.LITR.ZS,,,,,,,,,,,,,,,,,,,,,,,,,,,,,,,64.9982833862305,,,,,,,,,68.0017929077148,,,69.1492233276367,,,,,61.1270904541016,,,83.0076675415039,,,,,,,,86.7479629516602,,87.5,
214,Zimbabwe,ZWE,Africa,Sub-Saharan Africa,"Literacy rate, adult total (% of people ages 15 and above)",SE.ADT.LITR.ZS,,,,,,,,,,,,,,,,,,,,,,,77.7941665649414,,,,,,,,,,83.512580871582,,,,,,,,,,,,,,,,,,,83.5827102661133,,,88.6934204101563,,,,,,,89.6999969482422
